indicator,provider,category,subcategory,URL
"Adults with HIV (%, age 15-49)",Based on UNAIDS,Health,HIV,https://docs.google.com/spreadsheets/d/1kWH_xdJDM4SMfT_Kzpkk-1yuxWChfurZuWYjfmv51EA/pub?output=xlsx
Age at 1st marriage (women),Various sources,Population,,https://docs.google.com/spreadsheets/d/1xYQ08p5llwPR3ZK6h900LDd-J7WuXCv_FoPlksrj-eA/pub?output=xlsx
Aged 15+ employment rate (%),International Labour Organization,Work,Employment rate,https://docs.google.com/spreadsheets/d/1jsXSKnWgsXvjYyR-4R2b9VKGh22IM70C9WQg74xK8U8/pub?output=xlsx
Aged 15+ labour force participation rate (%),International Labour Organization,Work,Labour force participation,https://docs.google.com/spreadsheets/d/16GBTNLyaFV__Bcz81ex3nQw6W6THqzKkaF9jZcCYjHw/pub?output=xlsx
Aged 15+ unemployment rate (%),International Labour Organization,Work,Unemployment,https://docs.google.com/spreadsheets/d/1gIMx7usLkey1ExTu3qjNMBWbnd77VotONVK85oCsWps/pub?output=xlsx
Aged 15-24 employment rate (%),International Labour Organization,Work,Employment rate,https://docs.google.com/spreadsheets/d/132viujjslciA-O9B-bYhTMkBCmM4qRhBlgn0crLJOZE/pub?output=xlsx
Aged 15-24 unemployment rate (%),International Labour Organization,Work,Unemployment,https://docs.google.com/spreadsheets/d/1YAvGw1qkOJZIOiyOEXkQjtDlDX4EvtLOuLz73QYRoBE/pub?output=xlsx
Aged 15-64 labour force participation rate (%),International Labour Organization,Work,Labour force participation,https://docs.google.com/spreadsheets/d/1Fb-HqadPHGmqMQ-wJS8cUqIgZgVADpbSiWxnDRgwKy4/pub?output=xlsx
Aged 25-54 labour force participation rate (%),International Labour Organization,Work,Labour force participation,https://docs.google.com/spreadsheets/d/1frieoKODnD9sX3VCZy5c3QAjBXMY-vN7k_I9gR-gcU8/pub?output=xlsx
Aged 25-54 unemployment rate (%),International Labour Organization,Work,Unemployment,https://docs.google.com/spreadsheets/d/1XKB7ofS7MdZ-KxkRqxzY6MOAEbv292QC73ezu_dzTcE/pub?output=xlsx
Aged 55+ unemployment rate (%),International Labour Organization,Work,Unemployment,https://docs.google.com/spreadsheets/d/1zAEwgDKGVW_vSeqd3Q1feIdHlAsF9kjHkL-6rm6JdX8/pub?output=xlsx
Aged 65+ labour force participation rate (%),International Labour Organization,Work,Labour force participation,https://docs.google.com/spreadsheets/d/1SY944ZZYv0bp5jogWGsQ4ITljYVAH52ZYLwHw--E8Dk/pub?output=xlsx
Agricultural land (% of land area),World Bank,Environment,Geography,https://docs.google.com/spreadsheets/d/1c2RNsNlhv2kMHrqjl8rpFiVkz6iGu56tWlR3ClgaQ4M/pub?output=xlsx
Agricultural water withdrawal (% of total),FAO aquastat database,Environment,Water,https://docs.google.com/spreadsheets/d/1qpvu21VCsvz-hYu5s1h0fc-3mRpxvsF1Y2M0Ie3d3CU/pub?output=xlsx
Agriculture (% of GDP),World Bank,Economy,Sectors,https://docs.google.com/spreadsheets/d/16JAXDjaKcyaEfd6sO_pRC892NG8VAk6moyw3Gl50-Ys/pub?output=xlsx
Agriculture workers (% of labour force),International Labour Organization,Work,Employment by sector,https://docs.google.com/spreadsheets/d/1h8azY0iGRzU1FNLCHRCNurt7w5jO2eCM3MIa_XOL7_8/pub?output=xlsx
Aid given (% of GNI),OECD QWIDS,Economy,Aid given,https://docs.google.com/spreadsheets/d/1LIoSqTV2QfrCW9-UN1D54ON6zTL_SPN9PnqbOUaTnfQ/pub?output=xlsx
Aid given (2007 US$),OECD QWIDS,Economy,Aid given,https://docs.google.com/spreadsheets/d/1yX0q8FTTGyFw_8mtKNX2Z5ivgEaVeLc8x7wpJTrZG14/pub?output=xlsx
Aid given per person (2007 US$),OECD QWIDS,Economy,Aid given,https://docs.google.com/spreadsheets/d/18q86HNZeGll-x7CBHmshUK-inLXw1cvdhTBePyBVVyE/pub?output=xlsx
Aid received (% of GNI),World Bank,Economy,Aid received,https://docs.google.com/spreadsheets/d/1gJLA2BebcFBf7PBpzz5rhjMHK_or8rJf7PhjiE068YA/pub?output=xlsx
Aid received per person (current US$),World Bank,Economy,Aid received,https://docs.google.com/spreadsheets/d/1aMIncQSEAJfPd_CSMcLDuryh-rwxVZwwM76DpGMiWyQ/pub?output=xlsx
"Aid received, total (US$, inflation-adjusted)",World Bank,Economy,Aid received,https://docs.google.com/spreadsheets/d/1spkfWDNvN6dN6JFqSsHmSp1G_hHqT5mt7fCpcC4N5TA/pub?output=xlsx
Alcohol consumption per adult 15+ (litres),WHO with additions,Health,Risk factors,https://docs.google.com/spreadsheets/d/1UTd3D_D89fViE_ZN5wnIiemv2dyhtTS-92qIv_lJhcI/pub?output=xlsx
"All causes deaths in children 1-59 months (per 1,000 births)",Lancet,Health,Causes of child deaths,https://docs.google.com/spreadsheets/d/12qU2p_MbWPVNLELTHWi61LaxT9f5TiZoH61VfwyiVVI/pub?output=xlsx
All causes deaths in children 1-59 months (total deaths),Lancet,Health,Causes of child deaths,https://docs.google.com/spreadsheets/d/1192JglfhS4oKtiGJTtrzBr4tRFlf9cHppRIkuptlCrw/pub?output=xlsx
"All causes deaths in newborn (per 1,000 births)",Lancet,Health,Causes of newborn deaths,https://docs.google.com/spreadsheets/d/1t0QELC2TysRaDatJ_bI6L168NG4NfE7KXqIVrhbtcEA/pub?output=xlsx
All causes deaths in newborn (total deaths),Lancet,Health,Causes of newborn deaths,https://docs.google.com/spreadsheets/d/1xqXEGvYkZ8mjc3vSJYNjigKDCLzQ7ywJyuJcNQ1tuDM/pub?output=xlsx
"All forms of TB, deaths per 100,000 - estimated",World Health Organization,Health,TB (tuberculosis),https://docs.google.com/spreadsheets/d/12uWVH_IlmzJX_75bJ3IH5E-Gqx6-zfbDKNvZqYjUuso/pub?output=xlsx
"All forms of TB, detection rate (%)",World Health Organization,Health,TB (tuberculosis),https://docs.google.com/spreadsheets/d/1d5Z6hVyAG94xgIhwQRih3tTaXpuQwgJFjeVUewOuZe4/pub?output=xlsx
"All forms of TB, detection rate (%) - DOTS only",World Health Organization,Health,TB (tuberculosis),https://docs.google.com/spreadsheets/d/1_8JL75bSnfIk_ckA3KqmpKl9JuCQMYXy0XusIoFTgiM/pub?output=xlsx
"All forms of TB, existing cases per 100,000 - estimated",World Health Organization,Health,TB (tuberculosis),https://docs.google.com/spreadsheets/d/1X5Jp7Q8pTs3KLJ5JBWKhncVACGsg5v4xu6badNs4C7I/pub?output=xlsx
"All forms of TB, new cases per 100,000 - estimated",World Health Organization,Health,TB (tuberculosis),https://docs.google.com/spreadsheets/d/1Pl51PcEGlO9Hp4Uh0x2_QM0xVb53p2UDBMPwcnSjFTk/pub?output=xlsx
"All forms of TB, new cases per 100,000 - reported",World Health Organization,Health,TB (tuberculosis),https://docs.google.com/spreadsheets/d/1ST6XimUZOmEasxeHIu_8Mcuy_nIiIQzo-O7317LnJyg/pub?output=xlsx
"All forms of TB, number of deaths - estimated",World Health Organization,Health,TB (tuberculosis),https://docs.google.com/spreadsheets/d/1bH--WzoUEnvZJ2bmzCmVtjNZgEiUJhy7kBNFL08rOjw/pub?output=xlsx
"All forms of TB, number of existing cases - estimated",World Health Organization,Health,TB (tuberculosis),https://docs.google.com/spreadsheets/d/1X0TiNTjXGLssQBi3eZOJnD_eJ4uUqruwFnti4R9Sozk/pub?output=xlsx
"All forms of TB, number of new cases - estimated",World Health Organization,Health,TB (tuberculosis),https://docs.google.com/spreadsheets/d/11THNEYEXT1E8JmPKD9teeqaTIJEdHjJj7JM_WktxmeY/pub?output=xlsx
"All forms of TB, number of new cases - reported",World Health Organization,Health,TB (tuberculosis),https://docs.google.com/spreadsheets/d/1lZXmohPEHZeFF7aWAj_s2NGRCh3AuXLThyJPr5unkrw/pub?output=xlsx
"Alternative GDP per capita PPP, PWT 7.1",PWT 7.1,For advanced users,Alternative GDP data,https://docs.google.com/spreadsheets/d/1sKTqa2taY4xnfmyO8-TvFqUFheBr-CCazsFLAb7NZ8o/pub?output=xlsx
"Alternative GDP per capita PPP, WB",Word Bank,For advanced users,Alternative GDP data,https://docs.google.com/spreadsheets/d/1TuLhfdvskeJYaQziz7M0W6vMfh4zyGFQZoeoBrAotyA/pub?output=xlsx
"Alternative GDP/capita (PPP$, inflation-adjusted) from PWT",PWT 6.2,For advanced users,Alternative GDP data,https://docs.google.com/spreadsheets/d/1U1rzQsbvS1vPS4CXrhzUAhPlAW7LINtg91yz2gPbEfY/pub?output=xlsx
Alternative poverty (% below nationally defined poverty line),The World Bank,For advanced users,Alternative poverty measures,https://docs.google.com/spreadsheets/d/1izaZ5K-LqkupBe8POF9R9pWp7k9-dyP4xrnSwnkEgS8/pub?output=xlsx
"Annual HIV deaths (number, all ages)",UNAIDS,Health,HIV,https://docs.google.com/spreadsheets/d/1-UcA1h-DvcQlrzAftuaduDTlaYV3Nfqkh56PfDQh7p0/pub?output=xlsx
Armed forces personnel (% of labor force),WDI,Society,War & peace,https://docs.google.com/spreadsheets/d/1A2LQEx6WqKCfxSUxIK7zXKnOa64PD3q9CCFr6m-0VoY/pub?output=xlsx
"Armed forces personnel, total",WDI,Society,War & peace,https://docs.google.com/spreadsheets/d/1NBWfWRlHLGxQ8Igajt3CwmSsDmt77iJxUGwROjJ7fo4/pub?output=xlsx
"Arms exports (US$, inflation-adjusted)",World Bank,Economy,Debt & trade,https://docs.google.com/spreadsheets/d/1COkyd90lD9NzYilXsxGkp1kOf-GGKuJTXaqZ9RDVUSY/pub?output=xlsx
"Arms imports (US$, inflation adjusted)",World Bank,Economy,Debt & trade,https://docs.google.com/spreadsheets/d/1Z9MMWgxaLICgR8eSfV2PsEiXYmPsdE_t5_pS4Zg3iMM/pub?output=xlsx
ART coverage % (CD4 < 350),UNAIDS,Health,HIV,https://docs.google.com/spreadsheets/d/1nD8RGCGx_b3KtUH80rwAljmuutJu261r_yUb156FF-I/pub?output=xlsx
Average age of dollar billionaires (years),Forbes,Economy,Poverty & inequality,https://docs.google.com/spreadsheets/d/1AcFSLY0-DtjNlZgyyOi0ahdgCtQMuuseKh2sVapPHpk/pub?output=xlsx
Bad teeth per child (12 yr),WHO modified,Health,Teeth,https://docs.google.com/spreadsheets/d/1Nkwi01oLa-ZoqMcVOrkV_9mDVY6Jru9GDwWeP4rHa7Q/pub?output=xlsx
Battle deaths (per 100 000),WHO,Society,War & peace,https://docs.google.com/spreadsheets/d/15kseoFj-w39TvMl_Ije-C2TZy-DKYyECsF-uGdec0z8/pub?output=xlsx
Biomass stock in forest (tons),FAO - Food and Agriculture Organization,Environment,Forestry,https://docs.google.com/spreadsheets/d/1seRGdYvX6VSTvfWZVxeho2Y3JvQ3QeaziHZBP0JnPZQ/pub?output=xlsx
"Birth asphyxia deaths in newborn (per 1,000 births)",Lancet,Health,Causes of newborn deaths,https://docs.google.com/spreadsheets/d/1eaDS7gr_NBi2AxtvYbiUv0-wogFWPMm2UMI88FDW3qg/pub?output=xlsx
Birth asphyxia deaths in newborn (total deaths),Lancet,Health,Causes of newborn deaths,https://docs.google.com/spreadsheets/d/1y2Wg5IiIX_LUySyT_TQ3ocC9i-20ohxY_UGgzFT8GDg/pub?output=xlsx
Births attended by skilled health staff (% of total),World Bank,Health,Maternal health,https://docs.google.com/spreadsheets/d/1-zGerTN292KvZCWASA9dL2etsxspoFAUH_CYox8PQsQ/pub?output=xlsx
"Blood pressure (SBP), men, mmHg",MRC-HPA Centre for Environment and Health,Health,Risk factors,https://docs.google.com/spreadsheets/d/1clxuGh1lS9q1o3AZg1VjIGkKe58n4Exyg6Hmdrak2JM/pub?output=xlsx
"Blood pressure (SBP), women, mmHg",MRC-HPA Centre for Environment and Health,Health,Risk factors,https://docs.google.com/spreadsheets/d/1MhDppN68mGfwMEPNx30RJhdJDOl5I20B20EqUb7vpuk/pub?output=xlsx
"Body Mass Index (BMI), men, Kg/m2",MRC-HPA Centre for Environment and Health,Health,Risk factors,https://docs.google.com/spreadsheets/d/1KleqJdQpaE_p8gS0kmFqwYdtyobn47lXSCObhJyiSVY/pub?output=xlsx
"Body Mass Index (BMI), women, Kg/m2",MRC-HPA Centre for Environment and Health,Health,Risk factors,https://docs.google.com/spreadsheets/d/1jijrJbavcwDtmuMyADIAGZhHKJnpVUaQ7yaUuWBoWyw/pub?output=xlsx
"Breast cancer, deaths per 100,000 women",Based on IARC and WHO data,Health,"Cancer, female",https://docs.google.com/spreadsheets/d/1_VWjMzB583VGAyfkHlS2DZwJPpNCODGhx4UnlVc611E/pub?output=xlsx
"Breast cancer, new cases per 100,000 women",Based on IARC data,Health,"Cancer, female",https://docs.google.com/spreadsheets/d/1gt1Dvi7AnQJiBb5vKaxanTis_sfd4sC4sVoswM1Fz7s/pub?output=xlsx
"Breast cancer, number of female deaths",IARC,Health,"Cancer, female",https://docs.google.com/spreadsheets/d/16Av5g-dFz9rCasRRYL6toPWvPQ1K9HcaE2eUrOo3VA4/pub?output=xlsx
"Breast cancer, number of new female cases",IARC,Health,"Cancer, female",https://docs.google.com/spreadsheets/d/1qMMF1d4QXrElWzLf_A8EreSm1LrpQjKcx8kiJBSopts/pub?output=xlsx
Broadband subscribers (per 100 people),World Bank,Infrastructure,Communication,https://docs.google.com/spreadsheets/d/1pfHQspDENLC1j-XDInk1-MUP9jk79m_FxZzwD6HqaEg/pub?output=xlsx
Broadband subscribers (total),World Bank,Infrastructure,Communication,https://docs.google.com/spreadsheets/d/1I7ChqwsrtYlZcHJVD-xrKW81cbS7zQ91hf_J-aBAZ3g/pub?output=xlsx
"Burns deaths (per 100,000 people)",WHO,Health,Injuries and accidents,https://docs.google.com/spreadsheets/d/12LCJ0RTT3U4TytZHk1sz7llL93lqDFPIaxDZJSFlzfw/pub?output=xlsx
"Car deaths (per 100,000 people)",XXX???,For advanced users,"Injury deaths by gender, age, road user",https://docs.google.com/spreadsheets/d/1GnggkqS8JDZ8SEpnOvRty2mWtYprRLZS6HbVLnFenRg/pub?output=xlsx
"Cars, trucks & buses per 1,000 persons",World Bank,Infrastructure,Traffic,https://docs.google.com/spreadsheets/d/188KpyImLavdORNGjhGT-nfvH7v7Na5VqHIO79Nle2UI/pub?output=xlsx
Cell phones (per 100 people),World Bank,Infrastructure,Communication,https://docs.google.com/spreadsheets/d/1aGFkD09PeAioX3QRIliH3cmLz0NHsaAYNmX-0IOqMho/pub?output=xlsx
Cell phones (total),World Bank,Infrastructure,Communication,https://docs.google.com/spreadsheets/d/14ivgHIV18Mr6hoW1deQ1L7nPXZUiTNyS8H-8sK9tMsg/pub?output=xlsx
Central bank discount rate (annual %),UN Statistics Division,Economy,Economic situation,https://docs.google.com/spreadsheets/d/1uOvB0aYUuOVwtyjJNsP92wIa5PiUOk3PQbvVncKDibg/pub?output=xlsx
"Cervical cancer, deaths per 100,000 women",Based on IARC and WHO data,Health,"Cancer, female",https://docs.google.com/spreadsheets/d/1gccloatj1ddlrgRBbDrW3whHshbk7ZRsZgOtEXlhm9U/pub?output=xlsx
"Cervical cancer, new cases per 100,000 women",Based on IARC data,Health,"Cancer, female",https://docs.google.com/spreadsheets/d/1spe1SXbxiheGhhlbum3illUFNMDPdm-c5Z9DhA9iiHk/pub?output=xlsx
"Cervical cancer, number of female deaths",IARC,Health,"Cancer, female",https://docs.google.com/spreadsheets/d/1CU6CPM8Uv-zX30XMoMxvI3FgDfwVjySLMYBC6tfqGUQ/pub?output=xlsx
"Cervical cancer, number of new female cases",IARC,Health,"Cancer, female",https://docs.google.com/spreadsheets/d/1bM6Wk4lpECg8XhpyKZ71f_QuDLPqKKwCa6KRquNQOWs/pub?output=xlsx
"Child mortality (0-5 year-olds dying per 1,000 born)",Various sources,,,https://docs.google.com/spreadsheets/d/1KqOcaDdM1rWQD8TnAEZpYDDQRJqlxqU7t_KT55pgd4U/pub?output=xlsx
Children and elderly (per 100 adults),UN data,Population,,https://docs.google.com/spreadsheets/d/16gch7KwVEEZrdkuiHYQXfHuXFAxsd6phqamgB-jEqCs/pub?output=xlsx
"Children out of school, primary",World Bank,Education,School enrolment,https://docs.google.com/spreadsheets/d/1neHEJ1MsZZ7DpNaOVRXt16_XkfX_9YfpMfNpO77H4IY/pub?output=xlsx
"Children out of school, primary, female",World Bank,Education,School enrolment,https://docs.google.com/spreadsheets/d/1mNrW9__LuIqWWWCvxNlMmjZTtBwIo3e7AytoDeH2khs/pub?output=xlsx
"Children out of school, primary, male",World Bank,Education,School enrolment,https://docs.google.com/spreadsheets/d/1F5WPYGXh_NChuD3Dikg7U4MPuvZtu29QJ5uHmlFabyY/pub?output=xlsx
Children per woman (total fertility),Various sources,,,https://docs.google.com/spreadsheets/d/1oq3r8W7ajenKFgoAYoOf2MXeTWWNPpudR-Fo5m2-o30/pub?output=xlsx
"Children per woman (total fertility), with projections",various sources,For advanced users,Projections,https://docs.google.com/spreadsheets/d/1yhCv2YRWk5DqsyLN2g-AJBA66EYClPj5vvUBnfslf-I/pub?output=xlsx
"Children per woman, temporary update",Various sources,For advanced users,Alternative demography indicators,https://docs.google.com/spreadsheets/d/1egMfCuDCAsZCl7op2RiVRaezaozBrs77_IsNdLkHU64/pub?output=xlsx
"Cholesterol (fat) in blood, men, mmol/L",MRC-HPA Centre for Environment and Health,Health,Risk factors,https://docs.google.com/spreadsheets/d/1pZEte_lUkjLZQv_45-VFXd7qOzVf6USP4UGBF6sq47E/pub?output=xlsx
"Cholesterol (fat) in blood, women, mmol/L",MRC-HPA Centre for Environment and Health,Health,Risk factors,https://docs.google.com/spreadsheets/d/1Y5NpguLwRW9zaiGP019fnOA1N6Ko_SHKSKh6U0CGmYI/pub?output=xlsx
CO2 emissions (tonnes per person),CDIAC (Carbon Dioxide Information Analysis Center),,,https://docs.google.com/spreadsheets/d/1RjqGm7RG82GGVf7E4RXPPwFF7O1So6T0SFx2fVfcUJA/pub?output=xlsx
CO2 intensity of economic output (kg CO2 per 2005 PPP $ of GDP),World Bank,Environment,Emissions,https://docs.google.com/spreadsheets/d/1a3-FXvfRGg0TFl-oUAHRWDQyogdaZag-AjGWBlT4GRg/pub?output=xlsx
"Coal consumption, per person",BP,Energy,Coal,https://docs.google.com/spreadsheets/d/1QYrG4fkfJy8VeSm-wAdPQk6hxdGUk91QZPJLdjkjmh8/pub?output=xlsx
"Coal consumption, total",BP,Energy,Coal,https://docs.google.com/spreadsheets/d/1DbYyiISTNPI14Db-CXBZ2bBWuWsL6N0JhmwPU7OatZo/pub?output=xlsx
"Colon&Rectum cancer, deaths per 100,000 men",Based on IARC and WHO data,Health,"Cancer, male",https://docs.google.com/spreadsheets/d/12YfqYgtz4KWUGSTj1UM_GlvzAan2G1HTwy3Mgtklz94/pub?output=xlsx
"Colon&Rectum cancer, deaths per 100,000 women",Based on IARC and WHO data,Health,"Cancer, female",https://docs.google.com/spreadsheets/d/1D7oXX2JQGh8jL0AWO8LR4B76k35caDBzryNycK-ArNI/pub?output=xlsx
"Colon&Rectum cancer, new cases per 100,000 men",Based on IARC data,Health,"Cancer, male",https://docs.google.com/spreadsheets/d/1NaF3SzSzTepmHLALfLCIo_g-WoRQa3okzt2MlooOZm8/pub?output=xlsx
"Colon&Rectum cancer, new cases per 100,000 women",Based on IARC data,Health,"Cancer, female",https://docs.google.com/spreadsheets/d/14OhUrY1maa_hW7_ZrUCmNcRZdvBpA7obuMcZfw0_SkM/pub?output=xlsx
"Colon&Rectum cancer, number of female deaths",IARC,Health,"Cancer, female",https://docs.google.com/spreadsheets/d/1BrdIXgJ1TnChxxUP0uX78CV92ydX93EAVdm_3aOhsG4/pub?output=xlsx
"Colon&Rectum cancer, number of male deaths",IARC,Health,"Cancer, male",https://docs.google.com/spreadsheets/d/1Ge6tfAfgdJ1Uv3QGLrt5sI70w9xQ_EWjT9ZVUZri13g/pub?output=xlsx
"Colon&Rectum cancer, number of new female cases",IARC,Health,"Cancer, female",https://docs.google.com/spreadsheets/d/1A5m5TE6Df6qiumvDXaAAPkgWeA_f3jyt0UmXxeefMnQ/pub?output=xlsx
"Colon&Rectum cancer, number of new male cases",IARC,Health,"Cancer, male",https://docs.google.com/spreadsheets/d/1Qz2f74XJVETggllLCl0spTOWmCxVbKuXNqXehdQCRvk/pub?output=xlsx
"Congenital deaths in newborn (per 1,000 births)",Lancet,Health,Causes of newborn deaths,https://docs.google.com/spreadsheets/d/1LOHH_TQ-bG8iyiKlvEwk3qNm2ZYQnWZupCTmjnpQqBs/pub?output=xlsx
Congenital deaths in newborn (total deaths),Lancet,Health,Causes of newborn deaths,https://docs.google.com/spreadsheets/d/1eiKtNFyGt9hc2cWWESqTMXOO3ons6lMQwoSXKqJVjD4/pub?output=xlsx
Contraceptive use (% of women ages 15-49),World Bank,Health,Maternal health,https://docs.google.com/spreadsheets/d/1OZlfwJhxGqiRZSRSkUtXCvrKCgiw4kT5DDH2UZgXynY/pub?output=xlsx
Corruption Perception Index (CPI),Transparency International,Society,,https://docs.google.com/spreadsheets/d/1P-j-uXibFacPTYoN1IoRUbhr5Zg0l3Ef5WqAuHJgpB8/pub?output=xlsx
"Crude birth rate (births per 1,000 population)",UN Population Division,Population,Population growth,https://docs.google.com/spreadsheets/d/1QkK8B3EnGoWzcHUmdf0AIU8YHk5LmzbOcsRRKbN9w2Y/pub?output=xlsx
"Crude death rate (deaths per 1,000 population)",UN Population Division,Population,Population growth,https://docs.google.com/spreadsheets/d/1eaiEl8Wbcnw7kJWYPcRv2Hkf4xUtI-UPlUe8ensjQ1U/pub?output=xlsx
Cumulative CO2 emissions (tonnes),CDIAC (Carbon Dioxide Information Analysis Center),Environment,Emissions,https://docs.google.com/spreadsheets/d/1sFMSK6RsphnEFEvD6ucUpadA6ghIhfXbW04W754acjM/pub?output=xlsx
Data method - Maternal mortality,Hill et al,For advanced users,Data quality (use as color),https://docs.google.com/spreadsheets/d/1V7nmxjyJEMBqvaG_GQYFk9e4LazZioJSHSM3Yb_D0PA/pub?output=xlsx
Data quality - Children per woman,Various sources,For advanced users,Data quality (use as color),https://docs.google.com/spreadsheets/d/11ONfz2BgA5z3JUBCb2p9cwg3ZQ6NtaPoCxiPHo4euQ4/pub?output=xlsx
Data quality - Income per person,Various sources,For advanced users,Data quality (use as color),https://docs.google.com/spreadsheets/d/1fCnUUj9nVbxv5dZJIMiUIhschS59DcYkM3Km1yhRuEo/pub?output=xlsx
Data quality - Life expectancy,Various sources,For advanced users,Data quality (use as color),https://docs.google.com/spreadsheets/d/1LXk3IkzB_3wUa9PAIxvPEN-uKmcTpELC8nb9Q4nsc3w/pub?output=xlsx
Data quality - Population,Various sources,For advanced users,Data quality (use as color),https://docs.google.com/spreadsheets/d/13GclNWRhoXJOKAVnPgUZL40GGWqxulYF8tInDkGhXw8/pub?output=xlsx
Dead kids per woman,Gapminder,For advanced users,families,https://docs.google.com/spreadsheets/d/1su4Tr8XGMWH9Pna-heflg0v8_BeM2ghS2fuB8G3BbIQ/pub?output=xlsx
Debt servicing costs (% of exports and net income from abroad),World Bank,For advanced users,Advanced debt & trade,https://docs.google.com/spreadsheets/d/16RrXwU1otQaQbIEgocStNW0Qvpymq29frMOPVv3eg-w/pub?output=xlsx
Debt to foreigners by public & private (% of GNI),World Bank,Economy,Debt & trade,https://docs.google.com/spreadsheets/d/1WipPWXQqXSjj9vPTu1LXD8IxeTfIn4RIBrGaOBd0DXc/pub?output=xlsx
Democracy score (use as color),Polity IV project,Society,,https://docs.google.com/spreadsheets/d/1MgJAijU4I4WnB8JDu6uPmS9lGYaPUkCt1k-RYTZ4nSE/pub?output=xlsx
Desalinated water produced (billion cu meters),FAO aquastat database,Environment,Water,https://docs.google.com/spreadsheets/d/1_LXqgPcJs47Dp8WxLBj8tPmA4TUoshkxcvZeQ9XUfmo/pub?output=xlsx
"Diarrhoeal deaths in children 1-59 months (per 1,000 births)",Lancet,Health,Causes of child deaths,https://docs.google.com/spreadsheets/d/12UkNMQnBtLPesFm6Z7CIhK0MYfvaYUX9wkgvoINPLDU/pub?output=xlsx
Diarrhoeal deaths in children 1-59 months (total deaths),Lancet,Health,Causes of child deaths,https://docs.google.com/spreadsheets/d/1pYYxmWHIYwV05y2yQIteXCn7QX5tLTovqCL29rUzvW4/pub?output=xlsx
"Diarrhoeal deaths in newborn (per 1,000 births)",Lancet,Health,Causes of newborn deaths,https://docs.google.com/spreadsheets/d/1RqIa6WfGnSbTRECkRRiclUGF4hLBAhmMD__AiHw1DCc/pub?output=xlsx
Diarrhoeal deaths in newborn (total deaths),Lancet,Health,Causes of newborn deaths,https://docs.google.com/spreadsheets/d/1K6bhyOit5aFgOf0ppbDmBnX0_A4PZJOvbDzvz5YeL-U/pub?output=xlsx
Dollar billionaires per million people,Forbes,Economy,Poverty & inequality,https://docs.google.com/spreadsheets/d/1jXkXVJVRBY51cwFloWaMOiWjElFJ5Ptfqtjxd5DntOU/pub?output=xlsx
Drought - affected annual number,EM-DAT: The OFDA/CRED International Disaster Database,Environment,Disasters,https://docs.google.com/spreadsheets/d/14WdcT4NUQB0YuK6vLxP80CgX7F5IszQ6WYxjh1dpOSc/pub?output=xlsx
Drought - deaths annual number,EM-DAT: The OFDA/CRED International Disaster Database,Environment,Disasters,https://docs.google.com/spreadsheets/d/1A0oGC_Y6nYAFz7XH_MtTashqKigtTTNT11134S7lOsc/pub?output=xlsx
"Drownings (per 100,000 people)",WHO,Health,Injuries and accidents,https://docs.google.com/spreadsheets/d/1jidu8wxyI2KjL0BN3SOp8U1BeQwiDp0oTrh61f1fTV0/pub?output=xlsx
DTP3 immunized (% of one-year-olds),UNICEF Childinfo,Health,Vaccine,https://docs.google.com/spreadsheets/d/1RfzOcu99yh3hE_Rmv54XEaXPmeijUmZ1QtRbQSPmPBs/pub?output=xlsx
Earthquake - affected annual number,EM-DAT: The OFDA/CRED International Disaster Database,Environment,Disasters,https://docs.google.com/spreadsheets/d/1ewDqb4fPEaV2z578T1LILW9DCnRTgHT3ZAoWRhvT6FI/pub?output=xlsx
Earthquake - deaths annual number,EM-DAT: The OFDA/CRED International Disaster Database,Environment,Disasters,https://docs.google.com/spreadsheets/d/1q5LHMjU6jnL4nNuS-YQY1Ew4ICiOrp1Lfdu9J5aDa7M/pub?output=xlsx
Economic growth over the past 10 years,Various sources,For advanced users,Economic growth,https://docs.google.com/spreadsheets/d/1tMMsMX1LE-7LDkYds8V7QryPJS_H8xvwOI48wKNKypA/pub?output=xlsx
Economical infrastructure aid given (% of aid),OECD QWIDS,Economy,Aid given,https://docs.google.com/spreadsheets/d/1-dR9UUFWGx3zHJvKNXtUsz3rEE6_aEcDvBl5-NcxTl8/pub?output=xlsx
Education aid given (% of aid),OECD QWIDS,Economy,Aid given,https://docs.google.com/spreadsheets/d/1ACOnl-O1XUjuyi4DbRtcypvmOS5qc5P4pUpGxtjpmTQ/pub?output=xlsx
"Electricity generation, per person",BP,Energy,Electricity,https://docs.google.com/spreadsheets/d/18VdGTZripBKbhHqcnEDftCP-XJi49idboDZ5IlUWqlE/pub?output=xlsx
"Electricity generation, total",BP,Energy,Electricity,https://docs.google.com/spreadsheets/d/1SBcPsPiww-tiBhFj-UpYO-28PLUpzvaqn7PJPXghtgI/pub?output=xlsx
"Electricity use, per person",BP,Energy,Electricity,https://docs.google.com/spreadsheets/d/1nm__JKA7p85YTEV-LCtREdR8QNc-oi0TgjJFFTNupgU/pub?output=xlsx
"Electricity use, total",World Bank,Energy,Electricity,https://docs.google.com/spreadsheets/d/1xRR5nyhFwhEKyvC5G731UfJvyc6K0m7UIu9vNsu8Fk8/pub?output=xlsx
Energy from solid biofuels (%),Based on IEA data,For advanced users,Alternative energy,https://docs.google.com/spreadsheets/d/1uRHJXvhuNvRHF_ckPf67mzkUkH3YwFzt8DLJYXTzNIA/pub?output=xlsx
"Energy production, per person",Based on WDI data,Energy,Total,https://docs.google.com/spreadsheets/d/1Kze_MKuTFaw3_BO_fgte2kQaGV54rq873o_KzyM7Kyk/pub?output=xlsx
"Energy production, total",World Bank,Energy,Total,https://docs.google.com/spreadsheets/d/13-1Egm0NN3aQUnontyJBo3rbqQLpiqqVL7vokagPil8/pub?output=xlsx
Energy supply per person TOE,Based on IEA,For advanced users,Alternative energy,https://docs.google.com/spreadsheets/d/19AnkdqjgymbatNwxNo1KHx6i2JCrmEUXlEXlVnhgkDc/pub?output=xlsx
"Energy use, per person",World Bank,Energy,Total,https://docs.google.com/spreadsheets/d/1StdAfQCYzvpSYQMvLfXkZ1FMKqcRh6BbZ6B-bLARIz8/pub?output=xlsx
"Energy use, total",World Bank,Energy,Total,https://docs.google.com/spreadsheets/d/1cHiMiS1I-EPihKxMAhZrfMddQregm7tho2vnQCInzO0/pub?output=xlsx
Epidemic - affected annual number,EM-DAT: The OFDA/CRED International Disaster Database,Environment,Disasters,https://docs.google.com/spreadsheets/d/1_Ki8EkQzD0-IqrCegTnHOXih5x1ju-C65V-bNhPkKpQ/pub?output=xlsx
Epidemic - deaths annual number,EM-DAT: The OFDA/CRED International Disaster Database,Environment,Disasters,https://docs.google.com/spreadsheets/d/1mvIAsdBndx5ggPiRjVQfaI63JLl0ZV8CmJSrg9XanDE/pub?output=xlsx
"Estimate or projection of under-five mortality rate, from IHME",Institute for Health Metrics and Evaluation,For advanced users,Data quality (use as color),https://docs.google.com/spreadsheets/d/1_3SeqDF0OFoL1HvrdRRTVhhmI7m40KyQrii-r8DKCjY/pub?output=xlsx
"Expenditure per student, primary (% of GDP per person)",World Bank,Education,Schooling cost,https://docs.google.com/spreadsheets/d/166K1eJn1UNfKg4dgFAmLQ8-YMGmsC4zsYmGRn_kpy5g/pub?output=xlsx
"Expenditure per student, secondary (% of GDP per person)",World Bank,Education,Schooling cost,https://docs.google.com/spreadsheets/d/1Y6etiTpubXMTFT62lMNiUTYlwETpXnsgQJXQpfpO9zs/pub?output=xlsx
"Expenditure per student, tertiary (% of GDP per person)",World Bank,Education,Schooling cost,https://docs.google.com/spreadsheets/d/1erg4QbUH9_vTqRCvxj_1XAxQ-MNsq-W1jY_duNXJnh4/pub?output=xlsx
Exports (% of GDP),World Bank,Economy,Debt & trade,https://docs.google.com/spreadsheets/d/11DwvLZmVN7dm6Aslx1O2BGwe75XY10Ve7-gFN4iCIZk/pub?output=xlsx
"Exports unit value (index, 2000=100)",World Bank,For advanced users,Advanced debt & trade,https://docs.google.com/spreadsheets/d/1Cw9r5Pzz8AmN4qYptNOIf6FMoWndPKf3MAJAnKukCoQ/pub?output=xlsx
"External debt, total (US$, not inflation-adjusted)",World Bank,For advanced users,Advanced debt & trade,https://docs.google.com/spreadsheets/d/16ZC9PqgOSBQwGi6JBhtGwpqfMjeSWTQVIr3SSTIVk9M/pub?output=xlsx
Extreme poverty (% people below $1.25 a day),The World Bank,Economy,Poverty & inequality,https://docs.google.com/spreadsheets/d/10hT73sWVrOZfsUnYSxeDH6GlsVVIy0E61shkIk_XNGo/pub?output=xlsx
Extreme poverty (% people below $1.25 a day) version 20120905,The World Bank,For advanced users,Alternative poverty measures,https://docs.google.com/spreadsheets/d/1VUPHhAAGNQTLVdHfLTvq1EBeahZQcvCocWrOl6nxgGo/pub?output=xlsx
Extreme temperature - affected annual number,EM-DAT: The OFDA/CRED International Disaster Database,Environment,Disasters,https://docs.google.com/spreadsheets/d/1IKD51VpIaK2Dk4hwTURMjsGcmHWq7BudL4vRtlRJ4VM/pub?output=xlsx
Extreme temperature - deaths annual number,EM-DAT: The OFDA/CRED International Disaster Database,Environment,Disasters,https://docs.google.com/spreadsheets/d/1LC6WyEXrPWtEjVzhEPUC8Ma1tJg1XEz9eFilS03kggw/pub?output=xlsx
"Falls, deaths (per 100,000 people)",WHO,Health,Injuries and accidents,https://docs.google.com/spreadsheets/d/1Rb7RFx-fQJGtCuCh7EgnPEX_iBT-_Ka-mq0GMOI_qqI/pub?output=xlsx
Family workers (% of labour force),International Labour Organization,Work,Employment by status,https://docs.google.com/spreadsheets/d/1wc2DoZSWXH3Fg9hswI1OaQcY2TyhhSG4EHLMukA5CWs/pub?output=xlsx
Female agriculture workers (% of female labour force),International Labour Organization,Work,Employment by sector,https://docs.google.com/spreadsheets/d/1K112Vd5PbGd8Bqa6wQ2Lyr9GgB39BNYa2j32wBdUOgU/pub?output=xlsx
Female family workers (% of female labour force),International Labour Organization,Work,Employment by status,https://docs.google.com/spreadsheets/d/10ipThZMrJQvXYIaM_M_FWWhqmLzpZ5qDOvLk7PQRpa8/pub?output=xlsx
Female industry workers (% of female labour force),International Labour Organization,Work,Employment by sector,https://docs.google.com/spreadsheets/d/1dTQlhly4aWzxYJ4z00IHBDvRF9pEDYwybmgjFW3Lqgg/pub?output=xlsx
Female long term unemployment rate (%),International Labour Organization,Work,Unemployment,https://docs.google.com/spreadsheets/d/1kuFq0TwLgEpjK2owPtu7y6FrmFJC0BlzUkV1OeJMC8w/pub?output=xlsx
"Female population, with projections",UN Population Division,For advanced users,Projections,https://docs.google.com/spreadsheets/d/1l-1_BxYNoO7LOXWU7ZzLgaZkxYCu-tO4zwCqnc5HulA/pub?output=xlsx
Female salaried workers (% of female labour force),International Labour Organization,Work,Employment by status,https://docs.google.com/spreadsheets/d/1ArU7mWwDh2e6YYiLxOvkMgjPKlRPn-u-pT8h48LZMow/pub?output=xlsx
Female self-employed (% of female labour force),International Labour Organization,Work,Employment by status,https://docs.google.com/spreadsheets/d/1IQ6JBNINcDnwCw68gkkg_OT3jSnWd-ok7FwgKNwjzaA/pub?output=xlsx
Female service workers (% of female labour force),International Labour Organization,Work,Employment by sector,https://docs.google.com/spreadsheets/d/1gb2tTWMbcOmYO_ndNA5bPBUGGz8ModZvDDVNx5q976s/pub?output=xlsx
Females aged 15+ employment rate (%),International Labour Organization,Work,Employment rate,https://docs.google.com/spreadsheets/d/1MzLwqRdlfpU03t7c3jNC4tr1e3W98gD-oeb5XR8NaoY/pub?output=xlsx
Females aged 15+ labour force participation rate (%),International Labour Organization,Work,Labour force participation,https://docs.google.com/spreadsheets/d/18IC1EpJ3cowhYyJ8bvESBQ7Io8wOF5C2zFN34-_csvw/pub?output=xlsx
"Females aged 15+, unemployment rate (%)",International Labour Organization,Work,Unemployment,https://docs.google.com/spreadsheets/d/1SLsuR6k4yUHEzPpy9n9LATzfaralOIuOOCxfIRrkUCw/pub?output=xlsx
Females aged 15-24 employment rate (%),International Labour Organization,Work,Employment rate,https://docs.google.com/spreadsheets/d/1lqGy2y2ZVIfzuiz-ESEuAt-emZ90vA0DwWGhCZDdXFs/pub?output=xlsx
"Females aged 15-24, unemployment rate (%)",International Labour Organization,Work,Unemployment,https://docs.google.com/spreadsheets/d/1anBch54oRzlsXRLbMsMmS1tBlid0mJWU_2n0NcpIA6A/pub?output=xlsx
Females aged 15-64 labour force participation rate (%),International Labour Organization,Work,Labour force participation,https://docs.google.com/spreadsheets/d/139LnP_tosjVQd0BOD3nxoe4iYgXPjyKYaUBRI-XdokU/pub?output=xlsx
Females aged 25-54 labour force participation rate (%),International Labour Organization,Work,Labour force participation,https://docs.google.com/spreadsheets/d/1N67yPqmp3zDWgAFBtbfn3frqEhkEOm2D7OC6N2Zrn54/pub?output=xlsx
"Females aged 25-54, unemployment rate (%)",International Labour Organization,Work,Unemployment,https://docs.google.com/spreadsheets/d/1iTeveDy2b1dNjfAUOM9WrTpIMnQWmWyvs2bEJtKcKX0/pub?output=xlsx
"Females aged 55+, unemployment rate (%)",International Labour Organization,Work,Unemployment,https://docs.google.com/spreadsheets/d/1m6XovaO3V2DKzHCMtyd68YT74T857NkekcwcjFvysm4/pub?output=xlsx
Females aged 65+ labour force participation rate (%),International Labour Organization,Work,Labour force participation,https://docs.google.com/spreadsheets/d/1WntGJhPJzCX0ZV-zpXh_xr5GmQ5zsGp-S-cMZmBabpI/pub?output=xlsx
Fixed line and mobile phone subscribers (per 100 people),World Development Indicators,Infrastructure,Communication,https://docs.google.com/spreadsheets/d/1-UujpxIB9oxIE_hIeSio512Kx8IEDjrLHaBuF3HGR9g/pub?output=xlsx
Flood - affected annual number,EM-DAT: The OFDA/CRED International Disaster Database,Environment,Disasters,https://docs.google.com/spreadsheets/d/1_UEhuCQeH5MySwuOKmawjRNeQkwP2vJx0rZb7Wgq2wE/pub?output=xlsx
Flood - deaths annual number,EM-DAT: The OFDA/CRED International Disaster Database,Environment,Disasters,https://docs.google.com/spreadsheets/d/1EMSP8rthB6yAxj3GtPAcssfP0HHPfujRS0YDPmD1NRY/pub?output=xlsx
Food supply (kilocalories / person & day),FAO modified,Health,Nutrition,https://docs.google.com/spreadsheets/d/14G6CjF6NblTGf6kkQclpXp3XZ3D4Nkw1I92DB4fOjXo/pub?output=xlsx
"Foreign direct investment, net inflows (% of GDP)",World Bank,Economy,Economic situation,https://docs.google.com/spreadsheets/d/1dHWaMTB9h7rdFI3DLZ3Pgpur2l3p2hgz93THK2oB8Jc/pub?output=xlsx
"Foreign direct investment, net outflows (% of GDP)",Not Found.,Economy,Economic situation,https://docs.google.com/spreadsheets/d/1XYstVIsTpR0SMgRtmokknf08wDxlfqqDgyLW9IGCBSc/pub?output=xlsx
Forest area (sq. km),World Bank,Environment,Geography,https://docs.google.com/spreadsheets/d/1X4_PAIzsvaiJVSIdkcO-cH2jFdzZC-XOSYIS5gnbN64/pub?output=xlsx
Forest coverage (%),FAO - Food and Agriculture Organization,Environment,Forestry,https://docs.google.com/spreadsheets/d/1MNxc2iI7cbJsfc2_deetjTlq4KVQhLp-uZIDBUOjTSw/pub?output=xlsx
"Forest land, total area (ha)",FAO - Food and Agriculture Organization,Environment,Forestry,https://docs.google.com/spreadsheets/d/1L3Wt0Szhqj6JhRLj_aRCn0PSWzzs2MpQvwIc0lCTtn4/pub?output=xlsx
"Forest products removal, per ha ($)",FAO - Food and Agriculture Organization,Environment,Forestry,https://docs.google.com/spreadsheets/d/1u-2DY6XMQsmYGfyv5u9-FNBhGCEvARrxN89sU6zGsGM/pub?output=xlsx
"Forest products removal, total ($)",FAO - Food and Agriculture Organization,Environment,Forestry,https://docs.google.com/spreadsheets/d/1H2oJR5LjZhToieAGM2GCdgTKqIW3NzCCqVCtS_HhDko/pub?output=xlsx
"GDP/capita (US$, inflation-adjusted)",World Bank,Economy,Incomes & growth,https://docs.google.com/spreadsheets/d/1RctTQmKB0hzbm1E8rGcufYdMshRdhmYdeL29nXqmvsc/pub?output=xlsx
GDP/capita growth (% per year),World Bank,Economy,Incomes & growth,https://docs.google.com/spreadsheets/d/1dLf-UJxZazchPFHMWkGICI7AMz4fqJE_ySJRu5uJCcM/pub?output=xlsx
GDP/capita growth over next 10 years,Various sources,Economy,Incomes & growth,https://docs.google.com/spreadsheets/d/1fG14b1VZx_u8YbhPkvjPidHXhu7h62raGzc5Riqa5fU/pub?output=xlsx
"GDP/employee (US$, inflation-adjusted)",International Labour Organization,Economy,Incomes & growth,https://docs.google.com/spreadsheets/d/1gpEjQaJYo8RZZGhNXoCTzQ_uS_cDA86qutMVNfUyH64/pub?output=xlsx
"GDP/working hour (US$, inflation-adjusted)",International Labour Organization,Economy,Incomes & growth,https://docs.google.com/spreadsheets/d/1tFDoM_8XjmRoBi4x_8oMxMWi82XuSV0ewDL2UKCxi_A/pub?output=xlsx
"GNI/capita (Atlas method, current US$)",World Bank,Economy,Incomes & growth,https://docs.google.com/spreadsheets/d/10QEYgdxJdHaWwBg72yDjTvAnrSh6dZz502vxsJGmcss/pub?output=xlsx
GNI/capita (constant 2000 US$),World Bank,Economy,Incomes & growth,https://docs.google.com/spreadsheets/d/1t0qRfhsjNhkXQ47jaK2eAelyL2BwhJjEHNr5Fb7iUys/pub?output=xlsx
"GNI/per capita (PPP, current international $)",World Bank,Economy,Incomes & growth,https://docs.google.com/spreadsheets/d/18yVjFjZaNGsnytBbYkWw4H9TIIKu-iFrqngKx1Gakpg/pub?output=xlsx
Government and society aid given (% of aid),OECD QWIDS,Economy,Aid given,https://docs.google.com/spreadsheets/d/1FqL-VnMe0MhY35FF7PR42xFY80CDlPHOB53etVbLLFs/pub?output=xlsx
Government health spending of total gov. spending (%),WHO Global Health Expenditure Database,Health,Health Economics,https://docs.google.com/spreadsheets/d/1r9kPOvy1lD08f64Hhem6joGxsLArG1HnQdf9wiscpHk/pub?output=xlsx
Government health spending per person (international $),WHO Global Health Expenditure Database,Health,Health Economics,https://docs.google.com/spreadsheets/d/1bPNRNTSULS0KcpY6LOfbfN1Lefa_jjlnAIKjIUpHQ5k/pub?output=xlsx
Government health spending per person (US$),WHO Global Health Expenditure Database,Health,Health Economics,https://docs.google.com/spreadsheets/d/1ZEQmPWEncfX8L7xig6GK-JrOWCFOgroIhsqrFi6A6V8/pub?output=xlsx
Government share of total health spending (%),WHO Global Health Expenditure Database,Health,Health Economics,https://docs.google.com/spreadsheets/d/1ssM_yZuwLGw7wTEymzn8wnJ8aBEYWcTh1gtNCQoScPo/pub?output=xlsx
HDI (Human Development Index),UNDP,Society,,https://docs.google.com/spreadsheets/d/178j02780CUiRqZOmc6Eybg9YwEH4LRddQ68afSZo4ak/pub?output=xlsx
Health aid given (% of aid),OECD QWIDS,Economy,Aid given,https://docs.google.com/spreadsheets/d/11aH9DLQs2suhRyCifONh1YBaQvujZ9gOkJn1EeC6l7U/pub?output=xlsx
HepB3 immunized (% of one-year-olds),UNICEF Childinfo,Health,Vaccine,https://docs.google.com/spreadsheets/d/1_TfKsLF2hsaf8fUpFEIMXlQoM0r5GW5ly42rLMz29Ug/pub?output=xlsx
Hib3 immunized (% of one-year-olds),UNICEF Childinfo,Health,Vaccine,https://docs.google.com/spreadsheets/d/1c42cTxT9hNF0R8FiQe68GPGXecg8YgftXjB3tcBgtso/pub?output=xlsx
High-technology exports (% of manufactured exports),World Bank,Economy,Debt & trade,https://docs.google.com/spreadsheets/d/1fKPK2n060wZHu_tLXprcEs2l8LG1gS69Wqc6Zv9W1W4/pub?output=xlsx
"HIV deaths in children 1-59 months (per 1,000 births)",Lancet,Health,Causes of child deaths,https://docs.google.com/spreadsheets/d/1GHzgeJrcNTnioDrlu0c6kox5fGCWf9aFcSwvHnPAtzg/pub?output=xlsx
HIV deaths in children 1-59 months (total deaths),Lancet,Health,Causes of child deaths,https://docs.google.com/spreadsheets/d/1vx1MYbjNPD4M5QtpB_d2Sv9JvdL_lya3AUmqNTQwqcA/pub?output=xlsx
Hourly compensation (US$),International Labour Organization,Economy,Economic situation,https://docs.google.com/spreadsheets/d/1EjRPqwPTkOY4whM0V9ZS06KEcqjgUy0C4MFcyMHmngE/pub?output=xlsx
How far to the north,Various sources,For advanced users,Geography and infrastructure,https://docs.google.com/spreadsheets/d/15a0KvG6G7s_z0PmzFHacbaIw-bOOV-tCx6K3e-Q4D4c/pub?output=xlsx
"Hydroelectric electricity production, per person",World Bank,Energy,Hydro,https://docs.google.com/spreadsheets/d/1IpdRyisgUKQRuWO7XEt6GxGBVvuHrMhpouV3BDAA0ig/pub?output=xlsx
"Hydroelectric electricity production, total",World Bank,Energy,Hydro,https://docs.google.com/spreadsheets/d/13WF_o1U4TtQMQc2Yj-yLGZ-AZ-0dE_KLqD84b7FsgB0/pub?output=xlsx
IFPRI Underweight children,World Bank,For advanced users,,https://docs.google.com/spreadsheets/d/1QzZxz-zY0eXufZIOimz1uD6U79Oc16qh8azzXWoNj_g/pub?output=xlsx
Imports (% of GDP),World Bank,Economy,Debt & trade,https://docs.google.com/spreadsheets/d/1k_t9OR33LRYs5fT2jJXSl63SXw_ji--8hbRCVyu-cmY/pub?output=xlsx
"Imports unit value (index, 2000=100)",World Bank,For advanced users,Advanced debt & trade,https://docs.google.com/spreadsheets/d/1AFhbBVkXjOZcGV3yYZ9dJ_dWO3RvNSS-2gRqwmBY88s/pub?output=xlsx
"Improved sanitation, overall access (%)",World Bank,Infrastructure,Sanitation,https://docs.google.com/spreadsheets/d/1Gj3vuas_mGfUVi0bE9FWP2Ag-GObe3x3ijBgbVAlixg/pub?output=xlsx
"Improved sanitation, rural access (%)",World Bank,Infrastructure,Sanitation,https://docs.google.com/spreadsheets/d/1vi-4dxORfwJNItlhZ3Uwj2w2NEg_phVW0rVGzKbzyBk/pub?output=xlsx
"Improved sanitation, urban access (%)",World Bank,Infrastructure,Sanitation,https://docs.google.com/spreadsheets/d/1whXZGy46e2TCJsjwJQIOIaeAYgIe7xtRZ_VZsvnE3mw/pub?output=xlsx
"Improved water source, overall access (%)",MDG indicators,Infrastructure,Water,https://docs.google.com/spreadsheets/d/1I59aRsFJZjDQd7funiWgCQP6KVs_MVEpTnB3WRUiSOk/pub?output=xlsx
"Improved water source, rural access (%)",MDG indicators,Infrastructure,Water,https://docs.google.com/spreadsheets/d/1Xt26JNoHLkGrq8kWjS9jH1sM8Wp-CHycgu1pK77x2gI/pub?output=xlsx
"Improved water source, urban access (%)",MDG indicators,Infrastructure,Water,https://docs.google.com/spreadsheets/d/1lGUfQUIIfQLJfHLCpuZS2MroWlVYtffQ_t9sOdYxk_s/pub?output=xlsx
"Income per person (GDP/capita, PPP$ inflation-adjusted)",Various sources,,,https://docs.google.com/spreadsheets/d/1PybxH399kK6OjJI4T2M33UsLqgutwj3SuYbk7Yt6sxE/pub?output=xlsx
"Income per person, with projections",Various sources,For advanced users,Projections,https://docs.google.com/spreadsheets/d/1cxtzRRN6ldjSGoDzFHkB8vqPavq1iOTMElGewQnmHgg/pub?output=xlsx
Income share of 2nd poorest 20%,The World Bank,Economy,Poverty & inequality,https://docs.google.com/spreadsheets/d/13wE52DipPE5YHgoJBQDBgymoCbdmo7leztdt86rx8Xs/pub?output=xlsx
Income share of 2nd richest 20%,The World Bank,Economy,Poverty & inequality,https://docs.google.com/spreadsheets/d/1K7mrD0AUk0CZadtH3krsRSAJuUooCEhCXuV1ERj1PtE/pub?output=xlsx
Income share of middle 20%,The World Bank,Economy,Poverty & inequality,https://docs.google.com/spreadsheets/d/1EU8rhngMzFtaczydBaBm5-ShPTmLsTuNSZB4OGV6PJo/pub?output=xlsx
Income share of poorest 10%,The World Bank,Economy,Poverty & inequality,https://docs.google.com/spreadsheets/d/1J6upNIhLHntqN1mhxfMV4hr6oAr0k5T-rqsc1rv8dio/pub?output=xlsx
Income share of poorest 20%,The World Bank,Economy,Poverty & inequality,https://docs.google.com/spreadsheets/d/14yyP_YXlz8RPNV1HCA7J76iSZHDFR4-avwEXjPlBnO0/pub?output=xlsx
Income share of richest 10%,The World Bank,Economy,Poverty & inequality,https://docs.google.com/spreadsheets/d/1GKJR_dfOhnvPg68V1FfJrqObUgYfL0Gm7vCgMzY8D0w/pub?output=xlsx
Income share of richest 20%,The World Bank,Economy,Poverty & inequality,https://docs.google.com/spreadsheets/d/1OJM2Cs1FDOsxy7nS-QPoStXY03umHdwrIncXI6WdndY/pub?output=xlsx
Industrial water withdrawal (% of total),FAO aquastat database,Environment,Water,https://docs.google.com/spreadsheets/d/1JuZmT-nzfHFBm-rxiy6-mf1DgVDs4O2U9zc_a96ickE/pub?output=xlsx
Industry (% of GDP),World Bank,Economy,Sectors,https://docs.google.com/spreadsheets/d/1aUJAZ4fZ3LeIgCYxekDz2ofra5twfyLxrEujzYl5Tyc/pub?output=xlsx
Industry workers (% of labour force),International Labour Organization,Work,Employment by sector,https://docs.google.com/spreadsheets/d/1eK5CpnUPwH8abasjDJ0AZB04uQlus74_lYVamw7G-bY/pub?output=xlsx
Inequality index (Gini),The World Bank,Economy,Poverty & inequality,https://docs.google.com/spreadsheets/d/1Iztdl7Ddaz77K3HheGpkvQ1o_ui_L1s-sze_ZpTM0F0/pub?output=xlsx
"Infant mortality (rate per 1,000 births)",Various sources,Health,,https://docs.google.com/spreadsheets/d/1OHMMuHbSFKDolNHXsmgHYlkjSKfAZyyY1P-ddMu_Fz0/pub?output=xlsx
"Infectious TB, detection rate (%)",World Health Organization,Health,TB (tuberculosis),https://docs.google.com/spreadsheets/d/1wNAQ49Pci96sR2iW__26htzHD7WhlvpTFpokWvFkfKw/pub?output=xlsx
"Infectious TB, detection rate (%) - DOTS only",World Health Organization,Health,TB (tuberculosis),https://docs.google.com/spreadsheets/d/1qphPMW4rZvUA8hQc-W3QGmjWABvY9mtFyVc1Aep3s0A/pub?output=xlsx
"Infectious TB, new cases per 100,000 - estimated",World Health Organization,Health,TB (tuberculosis),https://docs.google.com/spreadsheets/d/1zg3dHZnC49Jam-SlmDq0zhL429nCYO_n1VPsKi7lVA4/pub?output=xlsx
"Infectious TB, new cases per 100,000 - reported",World Health Organization,Health,TB (tuberculosis),https://docs.google.com/spreadsheets/d/163s-mHY7BS3siAT9ebjmbF2n6CrznmGa9D3_pYAE7pU/pub?output=xlsx
"Infectious TB, number of new cases - estimated",World Health Organization,Health,TB (tuberculosis),https://docs.google.com/spreadsheets/d/11PyTLGCkkhm1KIoYHjKEWzh0mPYTAploXayi1DnIYeY/pub?output=xlsx
"Infectious TB, number of new cases - reported",World Health Organization,Health,TB (tuberculosis),https://docs.google.com/spreadsheets/d/160InDdVgGOoFv_h5FF8dD1tavWyZDkwqvi3JBd8MAcI/pub?output=xlsx
"Infectious TB, treatment (DOTS) completed (%)",World Health Organization,Health,TB (tuberculosis),https://docs.google.com/spreadsheets/d/1W-KC_Dql_HdIbQegIPDn5Ftl_6xEpWzzySA83TnC1Wk/pub?output=xlsx
Inflation (annual %),World Bank,Economy,Economic situation,https://docs.google.com/spreadsheets/d/1rapFqP83hHVWffeRNwpZzfSqs-xcZ47cbKYBK_sILmA/pub?output=xlsx
"Injury deaths in children 1-59 months (per 1,000 births)",Lancet,Health,Causes of child deaths,https://docs.google.com/spreadsheets/d/1jsoesGCq-VjDAI82hw8zuugzsWuRIvdHpfxwHfWWiaU/pub?output=xlsx
Injury deaths in children 1-59 months (total deaths),Lancet,Health,Causes of child deaths,https://docs.google.com/spreadsheets/d/1fWAESFN_DzS2EKqXCG02zY-f_Q31Ill19TVVW5EFXm0/pub?output=xlsx
Internal renewable water (cu meters per person),FAO aquastat database,Environment,Water,https://docs.google.com/spreadsheets/d/1iABzyuKnaHoPpGzxOlxN7MCbk2B3PvV7HXG4swG5oOI/pub?output=xlsx
Internet users (per 100 people),World Bank,Infrastructure,Communication,https://docs.google.com/spreadsheets/d/1o2v5n--85X8_VHrcNNgp4RpeHK4PFIVsEwBUOW9RiFY/pub?output=xlsx
Internet users (total),World Bank,Infrastructure,Communication,https://docs.google.com/spreadsheets/d/1zk4wSE9UCbYX0uklPEdvH4Su1IxROW2QaBlvxHs9WQw/pub?output=xlsx
Investments (% of GDP),World Bank,Economy,Economic situation,https://docs.google.com/spreadsheets/d/1CbzZJUF63OaI6JRJ9CCZksNWmXVrAtaAQ1o49W5_kJw/pub?output=xlsx
Life expectancy (years),Various sources,,,https://docs.google.com/spreadsheets/d/1H3nzTwbn8z4lJ5gJ_WfDgCeGEXK3PVGcNjQ_U5og8eo/pub?output=xlsx
"Life expectancy at birth, temporary update",Various sources,For advanced users,Alternative demography indicators,https://docs.google.com/spreadsheets/d/1dgOdlUEq6_V55OHZCxz5BG_0uoghJTeA6f83br5peNs/pub?output=xlsx
"Life expectancy at birth, with projections",Various sources,For advanced users,Projections,https://docs.google.com/spreadsheets/d/1B89xX-0BdNR-qjM7_s5tZi2WCCmobejXd4RaMFKxAIw/pub?output=xlsx
"Literacy rate, adult female (% of females ages 15 and above)",UNESCO Institute for Statistics,Education,Literacy,https://docs.google.com/spreadsheets/d/1hDinTIRHQIaZg1RUn6Z_6mo12PtKwEPFIz_mJVF6P5I/pub?output=xlsx
"Literacy rate, adult male (% of males ages 15 and above)",UNESCO Institute for Statistics,Education,Literacy,https://docs.google.com/spreadsheets/d/1YF1_ps4srYp8GLdH38v7hJQtDDjFJWz6_5bg-_zICaY/pub?output=xlsx
"Literacy rate, adult total (% of people ages 15 and above)",UNESCO Institute for Statistics,Education,Literacy,https://docs.google.com/spreadsheets/d/12O0Bo85Dd-9bNq6p5KwXduPET1cRETP-mKy3ZK4q_xo/pub?output=xlsx
"Literacy rate, youth female (% of females ages 15-24)",UNESCO Institute for Statistics,Education,Literacy,https://docs.google.com/spreadsheets/d/1K8GteZWiKi6hrX2nTdXgzkrmLPN_R-7HSAlwHI7kesw/pub?output=xlsx
"Literacy rate, youth male (% of males ages 15-24)",UNESCO Institute for Statistics,Education,Literacy,https://docs.google.com/spreadsheets/d/1SHGM2zmcWiytgJCMWByt3wpV8bEiu4vSfO-2ZnYAReo/pub?output=xlsx
"Literacy rate, youth total (% of people ages 15-24)",UNESCO Institute for Statistics,Education,Literacy,https://docs.google.com/spreadsheets/d/1Nos0URjUkrOr_Sot0Nip7CNf31citMdCmOmiV_ySNvw/pub?output=xlsx
"Liver cancer, deaths per 100,000 men",Based on IARC and WHO data,Health,"Cancer, male",https://docs.google.com/spreadsheets/d/10yr5c84IMj7O_na9OD7NfZL27iITRwFlWRaNpZ6K5p4/pub?output=xlsx
"Liver cancer, deaths per 100,000 women",Based on IARC and WHO data,Health,"Cancer, female",https://docs.google.com/spreadsheets/d/1bdcbt93PsUqNanUYCtVWKyGX8usEmF5MbV2_ISD5pMs/pub?output=xlsx
"Liver cancer, new cases per 100,000 men",Based on IARC data,Health,"Cancer, male",https://docs.google.com/spreadsheets/d/1fx9uXeE-kcIFZqMdqV08PVX4v-4HyPVByshaPYY38QE/pub?output=xlsx
"Liver cancer, new cases per 100,000 women",Based on IARC data,Health,"Cancer, female",https://docs.google.com/spreadsheets/d/1tfDGbh4n8BvEKZD9mF5RjZc6zSwzN6dqV7eD0c9fhGQ/pub?output=xlsx
"Liver cancer, number of female deaths",IARC,Health,"Cancer, female",https://docs.google.com/spreadsheets/d/1EGMGGVhvgEMhfOug8LY43i7uJHZfa5I9A4qgSDsvff8/pub?output=xlsx
"Liver cancer, number of male deaths",IARC,Health,"Cancer, male",https://docs.google.com/spreadsheets/d/1O_5EZzyqnxMXSMZbZ7_RE2lo_Z1UgdR8aEw3NtQ8vls/pub?output=xlsx
"Liver cancer, number of new female cases",IARC,Health,"Cancer, female",https://docs.google.com/spreadsheets/d/1WKVHw7x2EwjZ5p3GIuZm9DU0pB5IGT6jZipkr19ebfI/pub?output=xlsx
"Liver cancer, number of new male cases",IARC,Health,"Cancer, male",https://docs.google.com/spreadsheets/d/1z-Mirzsyy-hOiTfbj0ZK5tjcEr2b4by0Uaj6MmxGUOo/pub?output=xlsx
Long term unemployment rate (%),International Labour Organization,Work,Unemployment,https://docs.google.com/spreadsheets/d/1hmsMdx_NFWMOCDIWF_iEdO046zLEzGahw_kK8lxnVM8/pub?output=xlsx
"Lung cancer, deaths per 100,000 men",Based on IARC and WHO data,Health,"Cancer, male",https://docs.google.com/spreadsheets/d/19tHun3UnviGlzjg_qOhhVubTxKbJOgs7PZpOw_4cK54/pub?output=xlsx
"Lung cancer, deaths per 100,000 women",Based on IARC and WHO data,Health,"Cancer, female",https://docs.google.com/spreadsheets/d/11q1Zgo4GMWfVRdGsLCfHt7E4Yb8zaWzZ-UK4Ax2YeZA/pub?output=xlsx
"Lung cancer, new cases per 100,000 men",Based on IARC data,Health,"Cancer, male",https://docs.google.com/spreadsheets/d/1eScDdIAZs6fKavxLD-VIkU2nvbVp6lWjU1XvO9zQf7I/pub?output=xlsx
"Lung cancer, new cases per 100,000 women",Based on IARC data,Health,"Cancer, female",https://docs.google.com/spreadsheets/d/15mm3HjstELFVAqOTKdAOqfFsdFc18Iu0PCnFOQtPL-Q/pub?output=xlsx
"Lung cancer, number of female deaths",IARC,Health,"Cancer, female",https://docs.google.com/spreadsheets/d/1FEnooWhEcSae-KzZWro3HzoL93MPRQy5GPGl31ShvIU/pub?output=xlsx
"Lung cancer, number of male deaths",IARC,Health,"Cancer, male",https://docs.google.com/spreadsheets/d/1a1ZsmrNw29P9sdIDaaJMAsZPuXeeaE6VBduQC3eH-Sk/pub?output=xlsx
"Lung cancer, number of new female cases",IARC,Health,"Cancer, female",https://docs.google.com/spreadsheets/d/1e78sTydXSrWJTaz8a7KLCARjqZCL_PQXrw1UzEn4-Os/pub?output=xlsx
"Lung cancer, number of new male cases",IARC,Health,"Cancer, male",https://docs.google.com/spreadsheets/d/12CNYrpyi1OVV4b5vSZRRsgKj3RV_WHFr7SwmcMvDEm0/pub?output=xlsx
"Malaria cases per 100,000 - reported",World Health Organization,Health,Malaria,https://docs.google.com/spreadsheets/d/1u4CtQzFlFE1AOjuPpByw9i73ZsbdhTv13BtVz0WSkZg/pub?output=xlsx
"Malaria deaths in children 1-59 months (per 1,000 births)",Lancet,Health,Causes of child deaths,https://docs.google.com/spreadsheets/d/1NqpfFfUSxycxNEJi-SJvWMFCiNRT-ohAjhoB2ta5yi8/pub?output=xlsx
Malaria deaths in children 1-59 months (total deaths),Lancet,Health,Causes of child deaths,https://docs.google.com/spreadsheets/d/1JKNJNXGiYtW-n5g7Q1rNjlcZLqq1_Awb9artJxuusU8/pub?output=xlsx
"Malaria deaths per 100,000 - reported",World Health Organization,Health,Malaria,https://docs.google.com/spreadsheets/d/11Me2LbOtsVxLBJ9m2ullFTCtmj2h3DhFnmgLD4WOWrY/pub?output=xlsx
Malaria number of cases - reported,World Health Organization,Health,Malaria,https://docs.google.com/spreadsheets/d/1R3KUknZXev6H_hBBmeo0uu0E-M6cnrvX8-B40u8DBRg/pub?output=xlsx
Malaria number of deaths - reported,World Health Organization,Health,Malaria,https://docs.google.com/spreadsheets/d/1RyrmcIYNLcR--YrKh1GhEyk3LED4BX_Xq2age-KYmy0/pub?output=xlsx
Male agriculture workers (% of male labour force),International Labour Organization,Work,Employment by sector,https://docs.google.com/spreadsheets/d/1yF1JlsQZu7LsD4IkFsuj66kFqe19TbudpksCCVz98yE/pub?output=xlsx
Male family workers (% of male labour force),International Labour Organization,Work,Employment by status,https://docs.google.com/spreadsheets/d/1h1pv1ClmPRnLxHTipsbnE-wl_W07YGN5XAtZ4MzX-i0/pub?output=xlsx
Male industry workers (% of male labour force),International Labour Organization,Work,Employment by sector,https://docs.google.com/spreadsheets/d/13DQDGBJL8XCnbzcSvfFLHZG-mX25sjnWu-EaoFxj_i4/pub?output=xlsx
Male long term unemployment rate (%),International Labour Organization,Work,Unemployment,https://docs.google.com/spreadsheets/d/1xDZyBL5btLXGQkKcIWmj9bllTt5YPrOQGa-E8NAhICI/pub?output=xlsx
"Male population, with projections",UN Population Division,For advanced users,Projections,https://docs.google.com/spreadsheets/d/1pGTpzV8LH508BgsFzztAjdPuFbA5raQTsSh8JspGxZk/pub?output=xlsx
Male salaried workers (% of male labour force),International Labour Organization,Work,Employment by status,https://docs.google.com/spreadsheets/d/1MC8ynqPqp6sV3HikYUHHS43Sv3Jae5PRZTh8WloNqdA/pub?output=xlsx
Male self-employed (% of male labour force),International Labour Organization,Work,Employment by status,https://docs.google.com/spreadsheets/d/1FkOCJwtLeeRiRa0LznKTDdHskYxsvBeCQ1CMxK9fPK0/pub?output=xlsx
Male service workers (% of male labour force),International Labour Organization,Work,Employment by sector,https://docs.google.com/spreadsheets/d/1jAO06m3l5UNXMSXUAFU_iFDY47tbCcNiq3-s-3tpCWo/pub?output=xlsx
Males aged 15+ employment rate (%),International Labour Organization,Work,Employment rate,https://docs.google.com/spreadsheets/d/1AtMlOr0WTKK7czDPscz5s2450ovCkcX2qvSf1ZXxlEg/pub?output=xlsx
Males aged 15+ labour force participation rate (%),International Labour Organization,Work,Labour force participation,https://docs.google.com/spreadsheets/d/1k_m7iRqDjn2WD6jc4AQ1-2Rv_9ORJ5-8jNTo6Cof6Ww/pub?output=xlsx
"Males aged 15+, unemployment rate (%)",International Labour Organization,Work,Unemployment,https://docs.google.com/spreadsheets/d/1DVKjY5Y8IeFuVWCiVJdKrTTMGo6GaDLA1gB4GDRfsI8/pub?output=xlsx
Males aged 15-24 employment rate (%),International Labour Organization,Work,Employment rate,https://docs.google.com/spreadsheets/d/13OxeKKcY4-E8qKriWU6r_WFRNZ9segOQYihg1_LcEAU/pub?output=xlsx
"Males aged 15-24, unemployment rate (%)",International Labour Organization,Work,Unemployment,https://docs.google.com/spreadsheets/d/1wF7i68LXRoRPilG6OLyd6l1OtUKHY4n7hlnu1ZkhW0Y/pub?output=xlsx
Males aged 15-64 labour force participation rate (%),International Labour Organization,Work,Labour force participation,https://docs.google.com/spreadsheets/d/15f_W1iqLA22q04OIFfU_EMCs_Hzscp1d4w1xC8pP-sY/pub?output=xlsx
Males aged 25-54 labour force participation rate (%),International Labour Organization,Work,Labour force participation,https://docs.google.com/spreadsheets/d/1tI_tAjTNOrzE94Ndv5kik57K-_dgh606WrSVMkjJmjs/pub?output=xlsx
"Males aged 25-54, unemployment rate (%)",International Labour Organization,Work,Unemployment,https://docs.google.com/spreadsheets/d/1uys2WO3etQ14mqqoZjyAifGtNLqPOHieqxUhqIjkAu4/pub?output=xlsx
"Males aged 55+, unemployment rate (%)",International Labour Organization,Work,Unemployment,https://docs.google.com/spreadsheets/d/1h5Thy2_eWouHU8vGTBNRPQuYWsTy8gVRweBKX2rCeXk/pub?output=xlsx
Males aged 65+ labour force participation rate (%),International Labour Organization,Work,Labour force participation,https://docs.google.com/spreadsheets/d/1YBXThrasu0HdpGnP8RSTU2twS5gBiSYklsXhzUkP7Mw/pub?output=xlsx
"Malnutrition, weight for age (% of children under 5)",World Bank,Health,Nutrition,https://docs.google.com/spreadsheets/d/1kdl5rXuNdgtY1Q9pcQVVoNewpSBgKjlLt5vZ5GdYcoo/pub?output=xlsx
Market value of listed companies (% of GDP),World Bank,Economy,Economic situation,https://docs.google.com/spreadsheets/d/1X1a_AZ-OIErnXGNCQllrM4_4orumg45v-fJklU03JRU/pub?output=xlsx
"Maternal deaths, lifetime risk (per 1,000)",Unicef (Childinfo),Health,Maternal health,https://docs.google.com/spreadsheets/d/1Rclj0V-niloBBeP68dzgy0UOGci6OVu2sT3WcL82Tsc/pub?output=xlsx
"Maternal deaths, total number",various sources,Health,Maternal health,https://docs.google.com/spreadsheets/d/1IE4vDTKYK-qQjHqtKHCgOxUi6MPAKCxW_Sr02Hvvabs/pub?output=xlsx
"Maternal mortality ratio (per 100,000 live births)",Various sources,Health,Maternal health,https://docs.google.com/spreadsheets/d/14ZtQy9kd0pMRKWg_zKsTg3qKHoGtflj-Ekal9gIPZ4A/pub?output=xlsx
Maternal mortality ratio WHO,WHO,For advanced users,Alternative health data,https://docs.google.com/spreadsheets/d/1tR2YgrvFr04Jp894M49jJHIIRatsDgjv6AD6S3Gfv0E/pub?output=xlsx
Math achievement - 4th grade,TIMSS modified,Education,Achievement,https://docs.google.com/spreadsheets/d/1OOjs_I2RT4csETP6d_ucjhnR4TEl1zq9MgN89d5LmY4/pub?output=xlsx
Math achievement - 8th grade,TIMSS modified,Education,Achievement,https://docs.google.com/spreadsheets/d/1xikQjzg5tHuKU3nheGc8i9TkP3VEnDV9uUrnBYq-PX0/pub?output=xlsx
MCV immunized (% of one-year-olds),UNICEF Childinfo,Health,Vaccine,https://docs.google.com/spreadsheets/d/1CLjL00Kj63asglutO_hwEWjCrKUbRc0ZRNzFlNBLJEk/pub?output=xlsx
Mean years in school (men 25 to 34 years),IHME,Education,Mean years in school,https://docs.google.com/spreadsheets/d/1veHkiHwWX1hc_T5oIQEdHyoUYqWI0z6Ty06hHbshKZM/pub?output=xlsx
Mean years in school (men 25 years and older),IHME,Education,Mean years in school,https://docs.google.com/spreadsheets/d/1ZWs-SFLgKzG4OtdNfrJ8rzusaTfmIvHut8y5e698W0c/pub?output=xlsx
"Mean years in school (women % men, 25 to 34 years)",IHME,Education,Mean years in school,https://docs.google.com/spreadsheets/d/1m1m50nC_6ZHy6j7VdvUKqosPaFGrvbPCwDR0v2jzhP8/pub?output=xlsx
Mean years in school (women 25 to 34 years),IHME,Education,Mean years in school,https://docs.google.com/spreadsheets/d/1ryP09EK1eFiBY7MQGgLG2UJPuQhqrLrFArP65USUHzY/pub?output=xlsx
Mean years in school (women 25 years and older),IHME,Education,Mean years in school,https://docs.google.com/spreadsheets/d/1kmnYQzXLGVF9RbKB3Y-WuUsJFumnE4s2UWdmlskv6r4/pub?output=xlsx
Mean years in school (women of reproductive age 15 to 44),IHME,Education,Mean years in school,https://docs.google.com/spreadsheets/d/1K3W808NBwAeVbv1WDmJT4wlgECT9C62_bmK3CcHwZj8/pub?output=xlsx
"Measles deaths in children 1-59 months (per 1,000 births)",Lancet,Health,Causes of child deaths,https://docs.google.com/spreadsheets/d/1GagtsU7qoDSFMsG98E1Ka6lOzYfD6X03nJBim6mFAXU/pub?output=xlsx
Measles deaths in children 1-59 months (total deaths),Lancet,Health,Causes of child deaths,https://docs.google.com/spreadsheets/d/1fMUSEbUFhioDlqIfpSsZmG3jbkgLn1qOra-o8v5nFBk/pub?output=xlsx
Median age (years),UN Population Division,Population,,https://docs.google.com/spreadsheets/d/1aYvBICRlEsG0VGjJ8SPD2Ot5O2gBPdfeL0hJYQ1Na90/pub?output=xlsx
"Medical Doctors (per 1,000 people)",World development indicators modified,Health,Health Economics,https://docs.google.com/spreadsheets/d/1GDV178feRzOCzqJyUaB66tN1ve3dC4SsbrA0EynuQA8/pub?output=xlsx
"Meningitis deaths in children 1-59 months (per 1,000 births)",Lancet,Health,Causes of child deaths,https://docs.google.com/spreadsheets/d/1DfTEptOgpoHoOJcTwpe6tvmcX_hTb1hYAMNtw9FVN1U/pub?output=xlsx
Meningitis deaths in children 1-59 months (total deaths),Lancet,Health,Causes of child deaths,https://docs.google.com/spreadsheets/d/1m_OlDWXdNmB9XIXDXFGxw_hi6sE2_YKj39n0lTmGmco/pub?output=xlsx
Merchandise trade (% of GDP),World Bank,Economy,Debt & trade,https://docs.google.com/spreadsheets/d/1WIrCmPzIg5UAQl3WxPITYWX8xpMO_fBJ3wWbfC8KOVo/pub?output=xlsx
Military expenditure (% of GDP),World Bank,Society,War & peace,https://docs.google.com/spreadsheets/d/1HXH3ncdQLFpOXVNdC2nkPCSGz_perkfPcBeU1e2HF24/pub?output=xlsx
"Motorcycle deaths (per 100,000 people)",GIMD/WHO,For advanced users,"Injury deaths by gender, age, road user",https://docs.google.com/spreadsheets/d/19phr9gcoyMsPhNJsXbLNrbrvu8rTZisIh36Mw3qifl0/pub?output=xlsx
Multisector cross-cutting aid given (% of aid),OECD QWIDS,Economy,Aid given,https://docs.google.com/spreadsheets/d/1xqTFXQNdzoGzSTFxd7uCidofTmnCfHIcg8VIQ4nIt40/pub?output=xlsx
Municipal water withdrawal (% of total),FAO aquastat database,Environment,Water,https://docs.google.com/spreadsheets/d/1BeVrGz8cs3MAIugx2LG239wH_6v0CVr0hFy0Ynotyic/pub?output=xlsx
Municipal water withdrawal (cu meters per person),FAO aquastat database,Environment,Water,https://docs.google.com/spreadsheets/d/1m1VFjW5yywuXGMDpP1aKKS1HxP1RW_gwQO602GWCB8Y/pub?output=xlsx
"Murder (per 100,000 people)",Various sources,Society,,https://docs.google.com/spreadsheets/d/15Fkl9TO8SG_5ap8AFB-tT4TsOLnCZAoGXYXYtH9psbU/pub?output=xlsx
Murder (total deaths),WHO Global Burden of Disease,Society,,https://docs.google.com/spreadsheets/d/12xnsFXTuInHpVV2KMkhm6S02lv_nBWo84kUdEgzrD7s/pub?output=xlsx
"Murdered 15-29 (per 100,000 people)",WHO,For advanced users,"Injury deaths by gender, age, road user",https://docs.google.com/spreadsheets/d/1UvKIYMK18M5xNdsxS7Q-bIfgrZTmUb7vdOa7pcDamFQ/pub?output=xlsx
"Murdered 30-44, (per 100,000 people)",WHO,For advanced users,"Injury deaths by gender, age, road user",https://docs.google.com/spreadsheets/d/1uMakSUZ10jsKxjzg9IrQTdASc9LKASLF2WlZqqIRPko/pub?output=xlsx
"Murdered 45-59 (per 100,000 people)",WHO,For advanced users,"Injury deaths by gender, age, road user",https://docs.google.com/spreadsheets/d/1wPvRP36-cfWcroFHaMsQ788a5OMLE66ylyHeESxglRI/pub?output=xlsx
"Murdered 60+ (per 100,000 people)",WHO,For advanced users,"Injury deaths by gender, age, road user",https://docs.google.com/spreadsheets/d/1gbcDTZCAY3qQe9oSB4a5KmzrHFPYVpCDL1xf5LETnPE/pub?output=xlsx
"Murdered children 0-14 (per 100,000 people)",WHO,For advanced users,"Injury deaths by gender, age, road user",https://docs.google.com/spreadsheets/d/1CSN7MitMeTXJO0bEcdOUcqf9W5cRO5mIpwObx_g0nWA/pub?output=xlsx
"Murdered men (per 100,000 people)",WHO modified,For advanced users,"Injury deaths by gender, age, road user",https://docs.google.com/spreadsheets/d/1cV9k3dnx8yO7SGZEYJAxjRBr3AlcUgTZ1rCBsSv_3KM/pub?output=xlsx
"Murdered women (per 100,000 people)",WHO modified,For advanced users,"Injury deaths by gender, age, road user",https://docs.google.com/spreadsheets/d/11Y1JY6Nvzo-rq2cXiMJpih_ZL6ya-_KvHL9q1Q3xFWY/pub?output=xlsx
"Natural gas production, per person",BP,Energy,Natural gas,https://docs.google.com/spreadsheets/d/1zwESCMUB8vlG9pnFGc6ddWhXS-4-IX9l35aj5CDAbsI/pub?output=xlsx
"Natural gas production, total",BP,Energy,Natural gas,https://docs.google.com/spreadsheets/d/15lsFeT07XNfodFDor21sKXSKA8vnkyg_QRIxHAkQu90/pub?output=xlsx
"Natural gas proved reserves, total",BP,Energy,Natural gas,https://docs.google.com/spreadsheets/d/1tSruwwPmiIGOwdwqGKBK1NiNjd7LHR9YjnTOFO2Cmmw/pub?output=xlsx
"Natural gas proven reserves, per person",BP,Energy,Natural gas,https://docs.google.com/spreadsheets/d/1E7TqmZQRjKxeMAb-99VdPF0Zfl7c9yi3DOipDyZdelo/pub?output=xlsx
"NCD deaths in children 1-59 months (per 1,000 births)",Lancet,Health,Causes of child deaths,https://docs.google.com/spreadsheets/d/1KaRcvisq25Edbl1IY3_4MRVlWNaHn3nPxJjeivzJqeI/pub?output=xlsx
NCD deaths in children 1-59 months (total deaths),Lancet,Health,Causes of child deaths,https://docs.google.com/spreadsheets/d/1g1bX77njYkS_nqD033SRWIGihFEpVW0d153lsy_xe78/pub?output=xlsx
Net barter terms of trade (2000 = 100),World Bank,For advanced users,Advanced debt & trade,https://docs.google.com/spreadsheets/d/1ReSBi2NSxWW_tgKu7IAryNdD0_58kgG6NASTHrAXC5E/pub?output=xlsx
"New births (total number, estimated)",Based on UN Population Division,Population,Population growth,https://docs.google.com/spreadsheets/d/1IIeK9SaUGsU-wLLc05mfNoh5bNWHYYCp72pcGDgmAKw/pub?output=xlsx
"Newly HIV infected (%, age 15-49)",UNAIDS,Health,HIV,https://docs.google.com/spreadsheets/d/1lRYkhw2ooscbi73qPFBgZU3-S3Xh-mc8sqR_-g_GDgk/pub?output=xlsx
"Newly HIV infected (number, all ages)",UNAIDS,Health,HIV,https://docs.google.com/spreadsheets/d/1cZ8M04eXUfDPQZPGN88ifKGAhbp6ilRaK5ED7qQLdVw/pub?output=xlsx
"Nuclear electricity production, per person",Not Found.,Energy,Nuclear,https://docs.google.com/spreadsheets/d/1tN89BJte-cwJhJPk0Bsi4mABQweYDrCNi7CWxfRWSvs/pub?output=xlsx
"Nuclear electricity production, total",World Bank,Energy,Nuclear,https://docs.google.com/spreadsheets/d/19NGtHQp-0ixK_fuCTFed7pu8OmtjEqrNnEoNOZbAJRs/pub?output=xlsx
Number of child deaths,Various sources,Health,,https://docs.google.com/spreadsheets/d/1mm039pxDKkrVvp09zPHh_QSJ_qcx41S9Qq6OLJTViR4/pub?output=xlsx
"Oil consumption, per person",BP,Energy,Oil,https://docs.google.com/spreadsheets/d/1XitcqqJtnu7cv1Nr0u131WCW8qTYHBkcD-JGiR7fmFM/pub?output=xlsx
"Oil consumption, total",BP,Energy,Oil,https://docs.google.com/spreadsheets/d/1Vg99EP2is_XIJCmt0Il94vHRTo2RHJl5aQf22Mzq1uA/pub?output=xlsx
"Oil production, per person",BP,Energy,Oil,https://docs.google.com/spreadsheets/d/12NQ0YLmS_AFzbak8SAlxRQkOyXnoQ9GPf-4_p0Uv0Cg/pub?output=xlsx
"Oil production, total",BP,Energy,Oil,https://docs.google.com/spreadsheets/d/1Ed3jG-AAMMksriLq25JyvIE1NwXBC2eS76Taqe5LkUI/pub?output=xlsx
"Oil proved reserves, total",BP,Energy,Oil,https://docs.google.com/spreadsheets/d/1VeqGho-7lKAuxZ8rL1IKiBqFRxYocEtGgtSX_3-WYKI/pub?output=xlsx
"Oil proven reserves, per person",BP,Energy,Oil,https://docs.google.com/spreadsheets/d/1t6tQZmjlh1Nd8pOwwxMjSjxul9J3YmGdnm5SS6Yeayc/pub?output=xlsx
Old version of Income per person (version 3),Various sources,For advanced users,Alternative GDP data,https://docs.google.com/spreadsheets/d/1ElWjzxYLRuxsK1wKyffspqQUD20kw7cj74gcjtdaxXo/pub?output=xlsx
Old version of Income per person (version 8),Various sources,For advanced users,Alternative GDP data,https://docs.google.com/spreadsheets/d/1uWHMP9_Yjv6njYzSZO7cMJgusTg32ftHfiNmDjYVFcY/pub?output=xlsx
"Other deaths in newborn (per 1,000 births)",Lancet,Health,Causes of newborn deaths,https://docs.google.com/spreadsheets/d/1E2Tbq10ckyduvzt77W_wljXUgUc7B150Y-xkJyA3AWM/pub?output=xlsx
Other deaths in newborn (total deaths),Lancet,Health,Causes of newborn deaths,https://docs.google.com/spreadsheets/d/1t7gP5sfin-uKGzslP7ZadI7xqKiQjvykEGBn0KTz5PA/pub?output=xlsx
"Other infections deaths in children 1-59 months (per 1,000 births)",Lancet,Health,Causes of child deaths,https://docs.google.com/spreadsheets/d/1vXezfMG95vM_JFFt7M224EqPfjVP9Fa2aG1JOfxME_4/pub?output=xlsx
Other infections deaths in children 1-59 months (total deaths),Lancet,Health,Causes of child deaths,https://docs.google.com/spreadsheets/d/19H5bl5IrY8_RhezBeD6XI51DFj8VzA_9ezIUXzaejNI/pub?output=xlsx
Other social services aid given (% of aid),OECD QWIDS,Economy,Aid given,https://docs.google.com/spreadsheets/d/1MpIWc8D7nn9AGfQXSap1SLDO43lsTOb_dFkmKdlzhro/pub?output=xlsx
Out-of-pocket share of total health spending (%),Global Health Expenditure Database,Health,Health Economics,https://docs.google.com/spreadsheets/d/1_mkjUNc5LwST3uSOYFeoIiFX5HT84tIGf6_MV7vQMac/pub?output=xlsx
PAB immunized (% of newborns),UNICEF Childinfo,Health,Vaccine,https://docs.google.com/spreadsheets/d/1xcecXVlta7W3-a1XoQztBrm2tIlCJlBGNYnJbGMSTJs/pub?output=xlsx
Patent applications (total),UN Statistics Division,Economy,Economic situation,https://docs.google.com/spreadsheets/d/1Ku--P-efzGY7WZQcd8hQ8S0XHHhUVSamG05-Zxcc7zk/pub?output=xlsx
Patents granted (total),UN Statistics Division,Economy,Economic situation,https://docs.google.com/spreadsheets/d/1gVzL1eMMSDLR5GfAqU_wRAGyVmZYgddkk5Hy8L9BrDU/pub?output=xlsx
Patents in force (total),UN Statistics Division,Economy,Economic situation,https://docs.google.com/spreadsheets/d/1GIteJl9FLbM7OHfOHfd1mJVwL8bwfhQ_rLfz4qnock4/pub?output=xlsx
"People living with HIV (number, all ages)",Based on UNAIDS,Health,HIV,https://docs.google.com/spreadsheets/d/1mYzjeMt3N8SP6ek9NU9Yfu_AhDpd7f_0T6kzNjjQHgA/pub?output=xlsx
Personal computers (per 100 people),UN data,Infrastructure,Communication,https://docs.google.com/spreadsheets/d/1OIsjeygdB9x51JFpoh1pVaevO4xa5k84g_XXJI7ZNqY/pub?output=xlsx
Personal computers (total),UN data,Infrastructure,Communication,https://docs.google.com/spreadsheets/d/1D_nI2Kljx94k0OntCntnAcl4nTenE0vTI22WdFLmcAQ/pub?output=xlsx
"Pertussis deaths in children 1-59 months (per 1,000 births)",Lancet,Health,Causes of child deaths,https://docs.google.com/spreadsheets/d/15hdrs50-aRbDdCNDI_aAfSBo_4aP_yfSIvaEbdJx71o/pub?output=xlsx
Pertussis deaths in children 1-59 months (total deaths),Lancet,Health,Causes of child deaths,https://docs.google.com/spreadsheets/d/1LCAcenQjSCfIesEEcOKzj4zOjnzrGVnQahWJ76jM0Us/pub?output=xlsx
Plane crash - affected annual number,EM-DAT: The OFDA/CRED International Disaster Database,Environment,Disasters,https://docs.google.com/spreadsheets/d/1VYf2OPD3CCOheX0FXF-Vtt5pVZSQTCI7FV0nWEg7iiU/pub?output=xlsx
Plane crash - deaths annual number,EM-DAT: The OFDA/CRED International Disaster Database,Environment,Disasters,https://docs.google.com/spreadsheets/d/1C1bPWLF90TIId10TtCnvNEkikjcg27QUeVJrjM6zyVw/pub?output=xlsx
Planted forest area (ha),FAO - Food and Agriculture Organization,Environment,Forestry,https://docs.google.com/spreadsheets/d/1rbobQDTbjDQu5gGLN0R9jrWO9JqA1ltigSjapLdkA20/pub?output=xlsx
"Pneumonia deaths in children 1-59 months (per 1,000 births)",Lancet,Health,Causes of child deaths,https://docs.google.com/spreadsheets/d/16y-ssQpAuoBf-8oWLtgm8NT79wO5n5-KMPpPwZTuxpo/pub?output=xlsx
Pneumonia deaths in children 1-59 months (total deaths),Lancet,Health,Causes of child deaths,https://docs.google.com/spreadsheets/d/13-q3wO7brecp8R22x2O4r27G2Rufg6gSN9zjhSGoYQs/pub?output=xlsx
"Pneumonia deaths in newborn (per 1,000 births)",Lancet,Health,Causes of newborn deaths,https://docs.google.com/spreadsheets/d/1mgPnLdJJDeCxLZNCYfgsI3PL9pBJadJI2VeH0bZfTRY/pub?output=xlsx
Pneumonia deaths in newborn (total deaths),Lancet,Health,Causes of newborn deaths,https://docs.google.com/spreadsheets/d/1mmQEbfhQ6lAhuzi1OuXHhb7fNHhc9fsjoDrIU65eERs/pub?output=xlsx
"Poisonings, deaths (per 100,000 people)",WHO,Health,Injuries and accidents,https://docs.google.com/spreadsheets/d/1NAB6UkGVsaWouxBGKkKBuhW_ovA_jzmGrtOfDXdFVtI/pub?output=xlsx
Population aged 0-4 years (total number),UN Population Division,Population,Both sexes by age (total),https://docs.google.com/spreadsheets/d/1c72bFQWdbgUWB8KPePJPYBf-n2yqGvWkJ-LMJBEFqdk/pub?output=xlsx
"Population aged 0-4 years, both sexes (%)",UN Population Division,Population,Both sexes by age (%),https://docs.google.com/spreadsheets/d/1zoNBFbEazpYb4d-adUji4BsneqfMLcjl3tDcta-0-fM/pub?output=xlsx
"Population aged 0-4 years, female (%)",UN Population Division,Population,Female by age (%),https://docs.google.com/spreadsheets/d/1O_eHAHMIiUOfL4JI1Z-bggKd4pF5PM9L4ZkoRxxI4yc/pub?output=xlsx
"Population aged 0-4 years, male (%)",UN Population Division,Population,Male by age (%),https://docs.google.com/spreadsheets/d/1NcFfAeW33qR5w2X5L5q2IvWwNFa7e_2f2Zfouh-jio4/pub?output=xlsx
Population aged 10-14 years (total number),UN Population Division,Population,Both sexes by age (total),https://docs.google.com/spreadsheets/d/1NBMadcHcZKO5GWy-ov--2EjS5vDL3BllcrhtjAC9dB4/pub?output=xlsx
"Population aged 10-14 years, both sexes (%)",UN Population Division,Population,Both sexes by age (%),https://docs.google.com/spreadsheets/d/10PjsMy87frIi5xtqDGtsFFK5xTi8JuLLjPJth_azIlw/pub?output=xlsx
"Population aged 10-14 years, female (%)",UN Population Division,Population,Female by age (%),https://docs.google.com/spreadsheets/d/1-9W-IaUTsYK9C8MEskbOi5i82zRe4BuXWJBsOkmttOw/pub?output=xlsx
"Population aged 10-14 years, male (%)",UN Population Division,Population,Male by age (%),https://docs.google.com/spreadsheets/d/1hFVg6C-pMt1cm6WdfypbKIIN0R6ndRdEFsR9vrt3HzQ/pub?output=xlsx
Population aged 15-19 years (total number),UN Population Division,Population,Both sexes by age (total),https://docs.google.com/spreadsheets/d/1e_ifm2ew1eCs4sW8YUaH6iFD4G95JT8bvFwZOVQnuKg/pub?output=xlsx
"Population aged 15-19 years, both sexes (%)",UN Population Division,Population,Both sexes by age (%),https://docs.google.com/spreadsheets/d/1zjeC4igyYVQVpCcXqSsbnmecJkFzbajLOJtVfOiX9dw/pub?output=xlsx
"Population aged 15-19 years, female (%)",UN Population Division,Population,Female by age (%),https://docs.google.com/spreadsheets/d/1uybkykawLBCoxpE0fTQGI0yup7HSGOmUMuCY-N9qJcw/pub?output=xlsx
"Population aged 15-19 years, male (%)",UN Population Division,Population,Male by age (%),https://docs.google.com/spreadsheets/d/1ryknN5to5XFE0W_KzvHGFWz0Y0E_CS1ryHSI6XsrZCg/pub?output=xlsx
Population aged 20-39 years (total number),UN Population Division,Population,Both sexes by age (total),https://docs.google.com/spreadsheets/d/1dhtjSKBgFSinx2yQkltVwpy0-GOAWcXPuqxt4pt5Zyo/pub?output=xlsx
"Population aged 20-39 years, both sexes (%)",UN Population Division,Population,Both sexes by age (%),https://docs.google.com/spreadsheets/d/1XXlE9JEttNxeHL_Y_zOqsHRItWYHU5L5knJMc-GWZf0/pub?output=xlsx
"Population aged 20-39 years, female (%)",UN Population Division,Population,Female by age (%),https://docs.google.com/spreadsheets/d/1CsM_IOkNc3DMODZyUBY6uVIEznAda_xx9gDgGURpLBM/pub?output=xlsx
"Population aged 20-39 years, male (%)",UN Population Division,Population,Male by age (%),https://docs.google.com/spreadsheets/d/1JCGLLKs_ERVIhhCXXTAxGoNgfQ5j8j0onhBuO4P7jwI/pub?output=xlsx
Population aged 40-59 years (total number),UN Population Division,Population,Both sexes by age (total),https://docs.google.com/spreadsheets/d/1gbsGv_kSXL4gWJdW7Gqo_zpq6ZBy_dva9zwaIyllAE0/pub?output=xlsx
"Population aged 40-59 years, both sexes (%)",UN Population Division,Population,Both sexes by age (%),https://docs.google.com/spreadsheets/d/1My7oOSOAH0RHjlAoUCv2S0rP4YmJoGo0mco_FYlscnw/pub?output=xlsx
"Population aged 40-59 years, female (%)",UN Population Division,Population,Female by age (%),https://docs.google.com/spreadsheets/d/1ggoOyVxKRQNtyiofC83yY1WfG6S_eDcoXMc0jmubqxw/pub?output=xlsx
"Population aged 40-59 years, male (%)",UN Population Division,Population,Male by age (%),https://docs.google.com/spreadsheets/d/1Jnr3t1iBV815SRD2Xys6a-DxCjcvYbQIwsgnIHOJpWY/pub?output=xlsx
Population aged 5-9 years (total number),UN Population Division,Population,Both sexes by age (total),https://docs.google.com/spreadsheets/d/17H6eYkqooIoRlNap8CBJpZrHdlYP582k9t7VHee2bgc/pub?output=xlsx
"Population aged 5-9 years, both sexes (%)",UN Population Division,Population,Both sexes by age (%),https://docs.google.com/spreadsheets/d/1lrDpaw0Cqlw0OUj_bdpkj6dBX0QHn8UmvIQYtKJFn7g/pub?output=xlsx
"Population aged 5-9 years, female (%)",UN Population Division,Population,Female by age (%),https://docs.google.com/spreadsheets/d/1H72YzfG1JbnCdN5bBaRV8_6jKixZ0plQBEcGqvkgKZk/pub?output=xlsx
"Population aged 5-9 years, male (%)",UN Population Division,Population,Male by age (%),https://docs.google.com/spreadsheets/d/1rPpmukPexoMjZNyG17c_5EMukeU1sikafn4fSxXdjl4/pub?output=xlsx
Population aged 60+ years (total number),UN Population Division,Population,Both sexes by age (total),https://docs.google.com/spreadsheets/d/1yI8CtGx0GKqVhQkkx6E18b_UEGadQ8eLlyxD_BeK1eo/pub?output=xlsx
"Population aged 60+ years, both sexes (%)",UN Population Division,Population,Both sexes by age (%),https://docs.google.com/spreadsheets/d/1AY5v6I6omvNaSm5CRCnurIbps6WlIzW49XYq6nGf-No/pub?output=xlsx
"Population aged 60+ years, female (%)",UN Population Division,Population,Female by age (%),https://docs.google.com/spreadsheets/d/1wfKnVfNHoMJ4qWdONj0tQtw3vYZ-RXehIZyNULcazuo/pub?output=xlsx
"Population aged 60+ years, male (%)",UN Population Division,Population,Male by age (%),https://docs.google.com/spreadsheets/d/1XuRF_jg3M3KDsuRwwElnqyKcGscJ6P7XOihXAhBMZLA/pub?output=xlsx
Population density (per square km),UN Population Division,Population,,https://docs.google.com/spreadsheets/d/1cCskPjXJQrSyDRO4J1FSvn4-fjI9INkuAmQDxLVfc08/pub?output=xlsx
Population growth (annual %),World Bank,Population,Population growth,https://docs.google.com/spreadsheets/d/1DJpqoJeaM3py_-6lKT8GyTiCzl_nXO-6UetvXeFLEuc/pub?output=xlsx
"Population growth (annual %), with projections",UN Population Division,For advanced users,Projections,https://docs.google.com/spreadsheets/d/1JL_rYWja9-pYZB2Hm68AXkhzQhSag0kYuuL_SIOQA2g/pub?output=xlsx
Population in urban agglomerations > 1 million (% of total population),World Bank,Population,Urbanization,https://docs.google.com/spreadsheets/d/1IFA0nti5fjuVIv16LMAiVtg_x3uf6ZRQAEhWGf7Kh0U/pub?output=xlsx
Population policies aid given (% of aid),OECD QWIDS,Economy,Aid given,https://docs.google.com/spreadsheets/d/171n9AlX10ZQUAcpwJF_gOFaTYmroIUpVz7cqn_CMxr0/pub?output=xlsx
"Population, total",Various sources,Population,,https://docs.google.com/spreadsheets/d/1IbDM8z5XicMIXgr93FPwjgwoTTKMuyLfzU6cQrGZzH8/pub?output=xlsx
Poverty (% people below $2 a day),The World Bank,Economy,Poverty & inequality,https://docs.google.com/spreadsheets/d/1Sz1vJmMjeFt81LO949yHRltT4CJef_uE_aCqw7rNEfw/pub?output=xlsx
"Prematurity deaths in newborn (per 1,000 births)",Lancet,Health,Causes of newborn deaths,https://docs.google.com/spreadsheets/d/1AmF1-4F7KlQtlyeihh89aTHfKvQI3JzopTCgDliLIFw/pub?output=xlsx
Prematurity deaths in newborn (total deaths),Lancet,Health,Causes of newborn deaths,https://docs.google.com/spreadsheets/d/1UsslvgYzXnx14ZeGUTtoYrErTjEe73uc_LN90aYRPNg/pub?output=xlsx
Present value of debt (% of GNI),World Bank,For advanced users,Advanced debt & trade,https://docs.google.com/spreadsheets/d/14kaeE-uRgf437I8X4nlbqjfR0qKVbm7AvjjaVLQkEDE/pub?output=xlsx
"Primary completion rate, total (% of relevant age group)",World Bank,Education,School enrolment,https://docs.google.com/spreadsheets/d/1Wus-UDcQDkxEkvAlUCccNoEBQBIeqUsb6pUJKsZQAAo/pub?output=xlsx
Primary forest area (ha),FAO - Food and Agriculture Organization,Environment,Forestry,https://docs.google.com/spreadsheets/d/1An_j5Abc69olcLpN7ig5EykL-NJULU_I7EBvKjYUAXE/pub?output=xlsx
Primary school completion (% of boys),World Bank,Education,School enrolment,https://docs.google.com/spreadsheets/d/1kyI8m3btVN-UG7hMo6KhQ7d4Zxxkz6NSIEVkpdhiyfs/pub?output=xlsx
Primary school completion (% of girls),World Bank,Education,School enrolment,https://docs.google.com/spreadsheets/d/1BvUOvGRfKaz-6U72UMMDpBm4TZOnUedV0RvdMW_IGWE/pub?output=xlsx
Private share of total health spending (%),WHO Global Health Expenditure Database,Health,Health Economics,https://docs.google.com/spreadsheets/d/10FFrD_CjZZPrA-9jcerl2YmOuZKnoExGDyAR3btKki0/pub?output=xlsx
Privately owned forest land (%),FAO - Food and Agriculture Organization,Environment,Forestry,https://docs.google.com/spreadsheets/d/1iJ-DlT1zAkhnNK3M4eE33dTwHoMDDi4Z3pHturBPEPc/pub?output=xlsx
Privately owned other wooded land (%),FAO - Food and Agriculture Organization,Environment,Forestry,https://docs.google.com/spreadsheets/d/1r81JDc8unBHf7Aqzpkt929U2w6K8NNYR8XQZ2TbfApI/pub?output=xlsx
Production sector aid given (% of aid),OECD QWIDS,Economy,Aid given,https://docs.google.com/spreadsheets/d/1SkGPO4xDJsLkY8AxYYqSuy50i1lDgtingLuob1-nlN8/pub?output=xlsx
"Prostate cancer, deaths per 100,000 men",Based on IARC and WHO data,Health,"Cancer, male",https://docs.google.com/spreadsheets/d/136rtEI8jBqrJdRlHCWN6H9KrDM-9HZlNHJz0rirwYqg/pub?output=xlsx
"Prostate cancer, new cases per 100,000 men",Based on IARC data,Health,"Cancer, male",https://docs.google.com/spreadsheets/d/11yC2ZTA9DjGdYYVERllaAZZxcFQOOaK-kbnLc_eoIAk/pub?output=xlsx
"Prostate cancer, number of male deaths",IARC,Health,"Cancer, male",https://docs.google.com/spreadsheets/d/1flkqrmnQC88_u5IUJK6fHUbZzd8gTLc_OMrWZ3a57NU/pub?output=xlsx
"Prostate cancer, number of new male cases",IARC,Health,"Cancer, male",https://docs.google.com/spreadsheets/d/1IJ4YTxC2BCpYI-m9CdNA2uZAD9Ct5cYcOkt22ecGv_g/pub?output=xlsx
Pump price for gasoline (US$ per liter),World Development Indicators,Energy,,https://docs.google.com/spreadsheets/d/1s54748oSGemV3pFVKBpyTKkhucu2ojLQ6AmexHNtdO4/pub?output=xlsx
Ratio of girls to boys in primary and secondary education (%),World Bank,Education,Gender equality,https://docs.google.com/spreadsheets/d/1TmDWm0R-TLCxqTekL-2PgFhD-R-TDuc8YTN_sYwAzdA/pub?output=xlsx
Ratio of young literate females to males (% ages 15-24),World Bank,Education,Gender equality,https://docs.google.com/spreadsheets/d/1u_zN9afA8bNB6gNIAScPgmlJKE3Ve45GHR_vDmPJGh4/pub?output=xlsx
Renewable water (cu meters per person),FAO aquastat database,Environment,Water,https://docs.google.com/spreadsheets/d/1L_RA0Mx7IKz8YitlYrdJa6HbcsRdoos36_9OaRK16Hk/pub?output=xlsx
"Residential electricity use, per person",IEA (International Energy Agency),Energy,Electricity,https://docs.google.com/spreadsheets/d/1BMGjorb39HILP8OrMHtxgn8c2wz4bCe-0B8HzZbdgt0/pub?output=xlsx
"Residential electricity use, total",IEA (International Energy Agency),Energy,Electricity,https://docs.google.com/spreadsheets/d/1q7xnWb2hmmDw4XGYxbwJrj8LsKy-aVu30xAFqWgg_l4/pub?output=xlsx
Residential energy use (%),Not Found.,For advanced users,Alternative energy,https://docs.google.com/spreadsheet/pub?key=0ArfEDsV3bBwCdEV1RkJqTEItQnJYVXJlZzVuc3Y3Mmcnn&output=xlsx
"Roads, paved (% of total roads)",World Bank,Infrastructure,Traffic,https://docs.google.com/spreadsheets/d/1F_81pb8NiNGsdMvhRWyvQySNV0-CEfZLQO75UX_-uTE/pub?output=xlsx
Rural poverty (% rural people below national rural poverty line),The World Bank,Economy,Poverty & inequality,https://docs.google.com/spreadsheets/d/15pTE8jdpmYmkdx5P8G26GeF7ppNqevVJrE1_WxXMJSg/pub?output=xlsx
Salaried workers (% of labour force),International Labour Organization,Work,Employment by status,https://docs.google.com/spreadsheets/d/1jNIhKHe44HnMTUrZEmqiszeUQVjtjmIC1rmj9z_YYJM/pub?output=xlsx
Self-employed (% of labour force),International Labour Organization,Work,Employment by status,https://docs.google.com/spreadsheets/d/1lt9fkiEn--XaKt5mhk9U4xYv9XnubVeSjR1kvag6RXc/pub?output=xlsx
"Sepsis deaths in newborn (per 1,000 births)",Lancet,Health,Causes of newborn deaths,https://docs.google.com/spreadsheets/d/1iUxJo5ctl3Wm_cRsg9ylZY9tYB6e6k2rvwAhiZG-Zsk/pub?output=xlsx
Sepsis deaths in newborn (total deaths),Lancet,Health,Causes of newborn deaths,https://docs.google.com/spreadsheets/d/1CqahXTi5VLp9JDXbY-vPjCInA9Wi5TNEiS8wpjxNxEw/pub?output=xlsx
Service workers (% of labour force),International Labour Organization,Work,Employment by sector,https://docs.google.com/spreadsheets/d/1j7Ds_04Cm-8_a-HhbcfE_6XBzdTYgz0qqwd4iis0NSM/pub?output=xlsx
Services (% of GDP),World Bank,Economy,Sectors,https://docs.google.com/spreadsheets/d/1nJnmez4Y0FLA973vLRSPtgyah-pAbB6jmKj_QZrYvXA/pub?output=xlsx
Sex ratio (0-14 years),UN Population Division,Population,Sex ratio,https://docs.google.com/spreadsheets/d/1VtrJm3X7DVJPGLBzAl2aVoS2-LBc38LDYNH-fKAYqwY/pub?output=xlsx
Sex ratio (15-24 years),UN Population Division,Population,Sex ratio,https://docs.google.com/spreadsheets/d/1VbDbuZQsi0U2fihUYwnZYc-LUKAVn-XyysIf7NKFbtI/pub?output=xlsx
Sex ratio (15-49 years),UN Population Division,Population,Sex ratio,https://docs.google.com/spreadsheets/d/1e2_Edxi7uoEb_8sKospYb7B1zt11re6NYNmlmVUg1RM/pub?output=xlsx
Sex ratio (above 50 years),UN Population Division,Population,Sex ratio,https://docs.google.com/spreadsheets/d/1195j5sR4OlQ8mMm3S7xOTb6Zv3SuBGgPijFkkdpJojY/pub?output=xlsx
Sex ratio (all age groups),UN Population Division,Population,Sex ratio,https://docs.google.com/spreadsheets/d/1g8vo4Iw0oxaCXS3jWe92HsdTOy4w5u2uyDyyuN3BsHM/pub?output=xlsx
Smoking adults (% of population over age 15),Based on WHOSIS data 2005,Health,Risk factors,https://docs.google.com/spreadsheets/d/1ETmWrBc4LdSbH5RR01cClquoIxRBhNmOwMicQttHJx0/pub?output=xlsx
Smoking men (% of men over age 15),Based on WHOSIS data 2005,Health,Risk factors,https://docs.google.com/spreadsheets/d/1DmtBWlPM1us1hU4-97CRcHqINqFz1Pak5VOXl_sEj4A/pub?output=xlsx
Smoking women (% of women over age 15),Based on WHOSIS data 2005,Health,Risk factors,https://docs.google.com/spreadsheets/d/1J4LnedequsPYoLiM0vHxF4znPD8SjE7ZE61lp7C-QW0/pub?output=xlsx
"Stillbirths (per 1,000 births)",Stanton etal with additions,Health,Maternal health,https://docs.google.com/spreadsheets/d/1YAp1tmayo3Utcxv_pRIwX4p-4V3n1vnTdZEhdPp48HY/pub?output=xlsx
"Stomach cancer, deaths per 100,000 men",Based on IARC and WHO data,Health,"Cancer, male",https://docs.google.com/spreadsheets/d/1qDNPIgsvNjnrOdaO5QuVWo-oSCV5b983TPnHKO9v2oI/pub?output=xlsx
"Stomach cancer, deaths per 100,000 women",Based on IARC and WHO data,Health,"Cancer, female",https://docs.google.com/spreadsheets/d/1CMN_pXLKl02m67rlfI9t2aQxSjVz1lDFRuze0gyn374/pub?output=xlsx
"Stomach cancer, new cases per 100,000 men",Based on IARC data,Health,"Cancer, male",https://docs.google.com/spreadsheets/d/15yQNiEFScJgp29IUZqxO64jc0vn1fVvylDmK8UPevNY/pub?output=xlsx
"Stomach cancer, new cases per 100,000 women",Based on IARC data,Health,"Cancer, female",https://docs.google.com/spreadsheets/d/1cJPGmB1vBsrrv3DMs2I4AVCYaEpdD0bs-duku4Z4S0c/pub?output=xlsx
"Stomach cancer, number of female deaths",IARC,Health,"Cancer, female",https://docs.google.com/spreadsheets/d/1TLSdQeNad_MkToZLsOUOnU_DrRh46n6zJ2loH8TPHas/pub?output=xlsx
"Stomach cancer, number of male deaths",IARC,Health,"Cancer, male",https://docs.google.com/spreadsheets/d/1vrIygA_MitsBkoRoJ6C0OyAqzUcrp7wK6707F8T6lwQ/pub?output=xlsx
"Stomach cancer, number of new female cases",IARC,Health,"Cancer, female",https://docs.google.com/spreadsheets/d/1-m-3-_Q7bUXoIQ_OtQOf64q3X_Mq2pCcjvLOrOh3Bwg/pub?output=xlsx
"Stomach cancer, number of new male cases",IARC,Health,"Cancer, male",https://docs.google.com/spreadsheets/d/1-mAZ4sl5g74mX217R5Ng9cQpwvVuhXcVLjERU5gET8U/pub?output=xlsx
Storm - affected annual number,EM-DAT: The OFDA/CRED International Disaster Database,Environment,Disasters,https://docs.google.com/spreadsheets/d/16vB7O7jfDOhhQsDWfHtRAQbEBlMThnkXPZJu9XtrU2I/pub?output=xlsx
Storm - deaths annual number,EM-DAT: The OFDA/CRED International Disaster Database,Environment,Disasters,https://docs.google.com/spreadsheets/d/1Ng83DOz25miEpSTebFWClcGozFVfkNNUE1lCVGw8bls/pub?output=xlsx
Subsistence incomes per person,Various sources,For advanced users,Alternative GDP data,https://docs.google.com/spreadsheets/d/1fSFEEEexwlUWi5jmRWKQ-6niXimJ0h3zxO5JOoz7CMY/pub?output=xlsx
Sugar per person (g per day),FAO modified,Health,Nutrition,https://docs.google.com/spreadsheets/d/1v_pwgLXcS-cfFpQ7IzNWThuKDY7blxtxljLV5I6qGiE/pub?output=xlsx
"Suicide (per 100,000 people)",WHO modified,Health,Mental health,https://docs.google.com/spreadsheets/d/1AcXBk9Ww1m9ozN6NFAP0rMTHGxlBy9RcbivCiHNyN8E/pub?output=xlsx
Suicide (total deaths),WHO Global Burden of Disease,Health,Mental health,https://docs.google.com/spreadsheets/d/1qER0s7GVErPrxTuhpIIllIsKo-MkHsIsYQYf4YPamcY/pub?output=xlsx
"Suicide age 0-14 (per 100,000 people)",WHO,For advanced users,"Injury deaths by gender, age, road user",https://docs.google.com/spreadsheets/d/1qMSS25Y6wn2aMl6j2qKAHPBEYmAGzn9I6GAvogZDTU8/pub?output=xlsx
"Suicide age 15-29 (per 100,000 people)",WHO,For advanced users,"Injury deaths by gender, age, road user",https://docs.google.com/spreadsheets/d/1ZrtkO-Mc75Dbz1t7NPG1zT052fh4ZVNzcadsOG7TfTI/pub?output=xlsx
"Suicide age 30-44 (per 100,000 people)",WHO,For advanced users,"Injury deaths by gender, age, road user",https://docs.google.com/spreadsheets/d/1O0ajmMaRU2h-oxppIH8ux2TUtIdhbP3-8z-20e0Q_H0/pub?output=xlsx
"Suicide age 45-59 (per 100,000 people)",WHO,For advanced users,"Injury deaths by gender, age, road user",https://docs.google.com/spreadsheets/d/1HkTwIruoo3zsVQJ26orlLkvF_4PTa3GihoJ9G6tAn-w/pub?output=xlsx
"Suicide age 60+ (per 100,000 people)",WHO,For advanced users,"Injury deaths by gender, age, road user",https://docs.google.com/spreadsheets/d/15kWThUezFCngwzUhwDHgCZM6nTRLP5fytc5rUtLhEYc/pub?output=xlsx
"Suicide men (per 100,000 people)",WHO modified,For advanced users,"Injury deaths by gender, age, road user",https://docs.google.com/spreadsheets/d/1Wl7_niyHkRQ5RTf0YuEJO59FhtuRkTq1-0AdMWpn5xc/pub?output=xlsx
"Suicide women (per 100,000 people)",WHO modified,For advanced users,"Injury deaths by gender, age, road user",https://docs.google.com/spreadsheets/d/1TYbRLUNTfMQgBlk4Sp25CZUWdxjagebxdem92O7beh0/pub?output=xlsx
Sulfur emissions per person (kg),Stern modified,Environment,Emissions,https://docs.google.com/spreadsheets/d/1wnhRtOy-WB5g8LRv5cpuWg3q268ahuEJTHvxt9VfvLM/pub?output=xlsx
Surface area (sq. km),World Bank,Environment,Geography,https://docs.google.com/spreadsheets/d/1E1LmQOMs2YZjV8ttEkUV2Sf8KOr6z5R79_OD93BcC1Q/pub?output=xlsx
Surviving kids per woman,Gapminder,For advanced users,families,https://docs.google.com/spreadsheets/d/16OAUB-nZVgpdhN-CBnklLztkxreJtXqh1bwgJEk6yg0/pub?output=xlsx
Tax revenue (% of GDP),World Bank,Economy,Economic situation,https://docs.google.com/spreadsheets/d/1jBW9L_ivHkTHnJ0Uue-ppS8nEmdAAXJZU2ikMnQkkno/pub?output=xlsx
TB programme (DOTS) population coverage (%),World Health Organization,Health,TB (tuberculosis),https://docs.google.com/spreadsheets/d/1jgjVk445PiVz2gkqusy-2R7ZfveI1GqlQWa2ssUWL6c/pub?output=xlsx
"TB with HIV+, deaths per 100,000 - estimated",World Health Organization,Health,TB (tuberculosis),https://docs.google.com/spreadsheets/d/1Iq6VMTef4xDoWnQlx9Mk-pdmKl6mUJNzmRwP4LSsJiY/pub?output=xlsx
"TB with HIV+, existing cases per 100,000 - estimated",World Health Organization,Health,TB (tuberculosis),https://docs.google.com/spreadsheets/d/1JEgpfkjP23dYVCn0sGLJbZWv_VgN9it8op_9fysyX6A/pub?output=xlsx
"TB with HIV+, new cases per 100,000 - estimated",World Health Organization,Health,TB (tuberculosis),https://docs.google.com/spreadsheets/d/1xiP8PFSpDbkXDSiikOYj-9JjGoARFnZEhX7hDtnS17o/pub?output=xlsx
"TB with HIV+, number of deaths - estimated",World Health Organization,Health,TB (tuberculosis),https://docs.google.com/spreadsheets/d/1cNIueudLjKQVIq0J0rwKsZ8xLvm1ZQwmtkLmoMXFkFE/pub?output=xlsx
"TB with HIV+, number of existing cases - estimated",World Health Organization,Health,TB (tuberculosis),https://docs.google.com/spreadsheets/d/1bSXXQd7WUPUVPzhXN_xDwLBggr0YsUdKfAALz4xEoEs/pub?output=xlsx
"TB with HIV+, number of new cases - estimated",World Health Organization,Health,TB (tuberculosis),https://docs.google.com/spreadsheets/d/177l5TixtGRADXTZN5du8h_UTxEmDWpWd-OaYsn2ST8M/pub?output=xlsx
"Teen fertility rate (births per 1,000 women ages 15-19)",Various sources,Population,Population growth,https://docs.google.com/spreadsheets/d/1u23WBB4qJA7eoHq_Ej6FQ1JDY6XDu54H1f0hlI39zyk/pub?output=xlsx
"Tetanus deaths in newborn (per 1,000 births)",Lancet,Health,Causes of newborn deaths,https://docs.google.com/spreadsheets/d/1aZrEVRNnpUYpgX-qwoNH2napte1Wc5VbAuNPjK-bvIo/pub?output=xlsx
Tetanus deaths in newborn (total deaths),Lancet,Health,Causes of newborn deaths,https://docs.google.com/spreadsheets/d/1f1t9zS1H-fVcgzj5IYQ_5gyYPREPxP4MN8NW7tqQ_bs/pub?output=xlsx
"Total GDP (PPP$, inflation-adjusted)",Various sources,Economy,Incomes & growth,https://docs.google.com/spreadsheets/d/16rpYapnUDKQXJIdUT_QWuuYH83dLBgbFQC3GfRO8OQY/pub?output=xlsx
"Total GDP (US$, inflation-adjusted)",World Bank,Economy,Incomes & growth,https://docs.google.com/spreadsheets/d/1JIGjdPybxc4kL-BUGbZa_zC7-WdR0QzycDUflwf-oHw/pub?output=xlsx
"Total GNI (PPP, current international $)",World Bank,Economy,Incomes & growth,https://docs.google.com/spreadsheets/d/1ERXxEh-2Gejk5mAfqoZMkllRYu6lvEOXZKKDpuxBBlg/pub?output=xlsx
Total health spending (% of GDP),Global Health Expenditure Database modified,Health,Health Economics,https://docs.google.com/spreadsheets/d/1Z7BprZedrF1h_3lhugWPIrWyd1qk-9AyJxh6dqvt-As/pub?output=xlsx
Total health spending per person (international $),WHO Global Health Expenditure Database,Health,Health Economics,https://docs.google.com/spreadsheets/d/1bfQeV3w_Zuw4LN7WNjuAXdEQY2ljdl24TN1Msd0kYos/pub?output=xlsx
Total health spending per person (US$),WHO Global Health Expenditure Database,Health,Health Economics,https://docs.google.com/spreadsheets/d/11nMQI09m4Wq2fPUbAuAQsaqdeviAoxqKWquye4LXQIM/pub?output=xlsx
Total number of dollar billionaires,Forbes,Economy,Poverty & inequality,https://docs.google.com/spreadsheets/d/1R_CCOWetfM6ZRXkAniRa1Bcd2RvbZyY3P0AiCI6pCt8/pub?output=xlsx
"Total population, with projections",Various sources,For advanced users,Projections,https://docs.google.com/spreadsheets/d/1ZhIYUZj0hl4TcLhP9v9yMYJRSGj7Lxjpx20nIsobbhs/pub?output=xlsx
Total reserves (% of debt to foreigners),World Bank,Economy,Debt & trade,https://docs.google.com/spreadsheets/d/1_fzE2hKEWbofDm-V631w9Ne3bAe_eDnZZJR18v_A7dk/pub?output=xlsx
Total sulfur emission (kilotonnes),Stern modified,Environment,Emissions,https://docs.google.com/spreadsheets/d/1yLANkKl0CQhZQIsVEOWB3OZ0tsdYz2DzV3ur153IjWk/pub?output=xlsx
Total water withdrawal (billion cu meters),FAO aquastat database,Environment,Water,https://docs.google.com/spreadsheets/d/1TYxi1_9ll9d3yPbvN4n6vjfEU8WL_OOJi1-C8F2pFoA/pub?output=xlsx
Trade balance (% of GDP),World Bank,Economy,Debt & trade,https://docs.google.com/spreadsheets/d/1l5bXSBUWm265-WEhFF2jesTB3Qbo6zNJzCLoErfvs90/pub?output=xlsx
"Trade balance (US$, not inflation-adjusted)",World Bank,Economy,Debt & trade,https://docs.google.com/spreadsheets/d/1eYsD1LStdc2IGvgb3qP83OhQqA96QrX-iHx2IK9AGqY/pub?output=xlsx
Traffic (total deaths),WHO with additions,Infrastructure,Traffic,https://docs.google.com/spreadsheets/d/1PJ2Cm_XCD9K3a5eAy01Yrrndz57tAJAvZWh49GbZjTU/pub?output=xlsx
"Traffic deaths (per 100,000 people)",WHO modified,Infrastructure,Traffic,https://docs.google.com/spreadsheets/d/1G-uLfLuUDb8lP7UGqwbtiRoAZYlN8PbvGNalO5U8mv8/pub?output=xlsx
"Traffic deaths men (per 100,000 people)",WHO modified,For advanced users,"Injury deaths by gender, age, road user",https://docs.google.com/spreadsheets/d/1EJYOqZv2JqSaigRQlZ_XR8p9YTHRO_9-C8l75oeYo2Y/pub?output=xlsx
"Traffic deaths women (per 100,000 people)",WHO modified,For advanced users,"Injury deaths by gender, age, road user",https://docs.google.com/spreadsheets/d/1-9PJmoWP9Nk74xkh78zRtZm-t4gHueH9HJx1nNQUdiI/pub?output=xlsx
"Traffic mortality 15-29 (per 100,000 people)",WHO,For advanced users,"Injury deaths by gender, age, road user",https://docs.google.com/spreadsheets/d/19HMGliaZAzlBTp_F5yD1zgMthr3DiRTGePXwiZQzwJ0/pub?output=xlsx
"Traffic mortality 30-44 (per 100,000 people)",WHO,For advanced users,"Injury deaths by gender, age, road user",https://docs.google.com/spreadsheets/d/1Jg9gPrKSi5B5xcGFqsMft02QQ0fFt17fHCIWSUHG89Y/pub?output=xlsx
"Traffic mortality 45-59 (per 100,000 people)",WHO,For advanced users,"Injury deaths by gender, age, road user",https://docs.google.com/spreadsheets/d/1EsqOqfXy8-hsHT-iXzHrGbkeaZNcGXU-COJku9VKPPU/pub?output=xlsx
"Traffic mortality 60+ (per 100,000 people)",WHO,For advanced users,"Injury deaths by gender, age, road user",https://docs.google.com/spreadsheets/d/1Mz0_HcfYSIi327LGUcAs8LAByAxbPXv_xIqiC21Km4Y/pub?output=xlsx
"Traffic mortality children 0-14 (per 100,000 people)",WHO,For advanced users,"Injury deaths by gender, age, road user",https://docs.google.com/spreadsheets/d/1GVvDPUApG0e6BQf-Im13vpsOq1YOUL3g9Xa7xrF46-U/pub?output=xlsx
Tsunami - affected annual number,EM-DAT: The OFDA/CRED International Disaster Database,Environment,Disasters,https://docs.google.com/spreadsheets/d/1J1MQgJpKJwBKcpiU-Z4E1yyWh3-VZ8VYZuqYPYhJJ_4/pub?output=xlsx
Tsunami - deaths annual number,EM-DAT: The OFDA/CRED International Disaster Database,Environment,Disasters,https://docs.google.com/spreadsheets/d/1WVphqEyyXrHwIIyaaeJvxTrGefo6DnH5k_CSl4xJv34/pub?output=xlsx
"Under-five mortality from CME (per 1,000 born)",CME (Child Mortality Estimates Info),For advanced users,Alternative child mortality data,https://docs.google.com/spreadsheets/d/1Xs_GiL8xx-7pPzPNgaCqzB_-xdrVjAZC6YpfiO0k7sQ/pub?output=xlsx
"Under-five mortality from IHME (per 1,000 born)",Institute for Health Metrics and Evaluation,For advanced users,Alternative child mortality data,https://docs.google.com/spreadsheets/d/1scrW06_cMEtFCPyAm8A1ZVSgcnX8a-crRg3ny55ZRSc/pub?output=xlsx
Underweight children,World Bank,Health,,https://docs.google.com/spreadsheets/d/1NeJmIaMNWBLysQGcYjvvZeX4UNveDK16K-fBvMZZrvU/pub?output=xlsx
Urban population,World Bank,Population,Urbanization,https://docs.google.com/spreadsheets/d/1V8ND_ky2GaxSF_0ZHaEiPXbWdIBIBOwg7pA2isTM0gA/pub?output=xlsx
Urban population (% of total),World Bank,Population,Urbanization,https://docs.google.com/spreadsheets/d/1JCdQQDn2vjmjbt1hTq5wE4Adf2xIuO6i4bY1bNtGDYQ/pub?output=xlsx
Urban population growth (annual %),World Bank,Population,Urbanization,https://docs.google.com/spreadsheets/d/1DJfwwGC2xJn8c94JTHoTLirVPLW23bezoUEwo522gIs/pub?output=xlsx
Urban poverty (% urban people below national urban poverty line),The World Bank,Economy,Poverty & inequality,https://docs.google.com/spreadsheets/d/1p4kAzqN2wJ85BSpeO-LGGzOlVOhLd8K5QtPhRoDTriA/pub?output=xlsx
Water and sanitation aid given (% of aid),OECD QWIDS,Economy,Aid given,https://docs.google.com/spreadsheets/d/1PqNSH7C_vNywrkYUV03QIseFKTlWXmZxRCT_kz11BXk/pub?output=xlsx
Water withdrawal (cu meters per person),FAO aquastat database,Environment,Water,https://docs.google.com/spreadsheets/d/19YVVG5fTHwHFxcyuoEfnpt05KAMOnd3ECfFjn9835Os/pub?output=xlsx
Wood removal (cubic meters),FAO - Food and Agriculture Organization,Environment,Forestry,https://docs.google.com/spreadsheets/d/1g9w6WMBrqqMAKVbsWOL0Rn-f2URkq62mXn57zbDGJJA/pub?output=xlsx
Working hours per week,International Labour Organization,Economy,Economic situation,https://docs.google.com/spreadsheets/d/1WPjCgWnDnRY_3wdW9_5KuIDHS-Lz1fML8Dcn0QNGiSs/pub?output=xlsx
Year categorization 1820-2010,Various sources,For advanced users,Years (use as color),https://docs.google.com/spreadsheets/d/1OreQlLSueHtaNKsv8knGVZ58iRoA0GH9PjsIXFkeAVM/pub?output=xlsx
Year categorization 1950-,Various sources,For advanced users,Years (use as color),https://docs.google.com/spreadsheets/d/1ETZz020vjFI4AfNp4ROXXmVw3lnj696p3L-ipQcsroU/pub?output=xlsx
Yearly CO2 emissions (1000 tonnes),CDIAC (Carbon Dioxide Information Analysis Center),Environment,Emissions,https://docs.google.com/spreadsheets/d/1qJR55SL3lHcx1d3hMHJ1dMYqAog9sXofaPWjPkpO4QQ/pub?output=xlsx
